resource,path,palette,tag,template_resref,original_base,original_label,original_limit,role,action,shop_copies,planned_base
carp_hl,src/shared/uti/carp_hl.uti.json,,carp_hl,carp_hl,18,greataxe,1,tool,dedicated_stack_10,1,521
carp_hlp,src/shared/uti/carp_hlp.uti.json,,carp_hlp,carp_hlp,38,handaxe,1,tool,dedicated_stack_10,1,528
cnr_b_2bsword,src/cnr/uti/cnr_b_2bsword.uti.json,CNR - Bases,cnr_b_2bsword,cnr_b_2bsword,12,twobladedsword,1,equipment,retain_equipment_limit,0,12
cnr_b_adagger,src/cnr/uti/cnr_b_adagger.uti.json,CNR - Bases,cnr_b_adagger,cnr_b_adagger,309,daggerassn,1,equipment,retain_equipment_limit,0,309
cnr_b_arrow,src/cnr/uti/cnr_b_arrow.uti.json,CNR - Bases,cnr_b_arrow,cnr_b_arrow,20,arrow,99,equipment,retain_equipment_limit,0,20
cnr_b_baxe,src/cnr/uti/cnr_b_baxe.uti.json,CNR - Bases,cnr_b_baxe,cnr_b_baxe,2,battleaxe,1,equipment,retain_equipment_limit,0,2
cnr_b_belt,src/cnr/uti/cnr_b_belt.uti.json,CNR - Bases,cnr_b_belt,cnr_b_belt,361,belt_shield,1,equipment,retain_equipment_limit,0,361
cnr_b_bolt,src/cnr/uti/cnr_b_bolt.uti.json,CNR - Bases,cnr_b_bolt,cnr_b_bolt,25,bolt,99,equipment,retain_equipment_limit,0,25
cnr_b_boots,src/cnr/uti/cnr_b_boots.uti.json,CNR - Bases,cnr_b_boots,cnr_b_boots,26,boots,1,equipment,retain_equipment_limit,0,26
cnr_b_bracer,src/cnr/uti/cnr_b_bracer.uti.json,CNR - Bases,cnr_b_bracer,cnr_b_bracer,78,bracer,1,equipment,retain_equipment_limit,0,78
cnr_b_bsword,src/cnr/uti/cnr_b_bsword.uti.json,CNR - Bases,cnr_b_bsword,cnr_b_bsword,3,bastardsword,1,equipment,retain_equipment_limit,0,3
cnr_b_bullet,src/cnr/uti/cnr_b_bullet.uti.json,CNR - Bases,cnr_b_bullet,cnr_b_bullet,27,bullet,99,equipment,retain_equipment_limit,0,27
cnr_b_cloak,src/cnr/uti/cnr_b_cloak.uti.json,CNR - Bases,cnr_b_cloak,cnr_b_cloak,80,cloak,1,equipment,retain_equipment_limit,0,80
cnr_b_cloth,src/cnr/uti/cnr_b_cloth.uti.json,CNR - Bases,cnr_b_cloth,cnr_b_cloth,16,armor,1,equipment,retain_equipment_limit,0,16
cnr_b_club,src/cnr/uti/cnr_b_club.uti.json,CNR - Bases,cnr_b_club,cnr_b_club,28,club,1,equipment,retain_equipment_limit,0,28
cnr_b_dagger,src/cnr/uti/cnr_b_dagger.uti.json,CNR - Bases,cnr_b_dagger,cnr_b_dagger,22,dagger,1,equipment,retain_equipment_limit,0,22
cnr_b_dart,src/cnr/uti/cnr_b_dart.uti.json,CNR - Bases,cnr_b_dart,cnr_b_dart,31,dart,50,equipment,retain_equipment_limit,0,31
cnr_b_daxe,src/cnr/uti/cnr_b_daxe.uti.json,CNR - Bases,cnr_b_daxe,cnr_b_daxe,33,doubleaxe,1,equipment,retain_equipment_limit,0,33
cnr_b_dmace,src/cnr/uti/cnr_b_dmace.uti.json,CNR - Bases,cnr_b_dmace,cnr_b_dmace,32,diremace,1,equipment,retain_equipment_limit,0,32
cnr_b_dscim,src/cnr/uti/cnr_b_dscim.uti.json,CNR - Bases,cnr_b_dscim,cnr_b_dscim,321,scimitar_double,1,equipment,retain_equipment_limit,0,321
cnr_b_dwaxe,src/cnr/uti/cnr_b_dwaxe.uti.json,CNR - Bases,cnr_b_dwaxe,cnr_b_dwaxe,108,dwarvenwaraxe,1,equipment,retain_equipment_limit,0,108
cnr_b_falchn,src/cnr/uti/cnr_b_falchn.uti.json,CNR - Bases,cnr_b_falchn,cnr_b_falchn,305,falchion,1,equipment,retain_equipment_limit,0,305
cnr_b_gaxe,src/cnr/uti/cnr_b_gaxe.uti.json,CNR - Bases,cnr_b_gaxe,cnr_b_gaxe,18,greataxe,1,equipment,retain_equipment_limit,0,18
cnr_b_gloves,src/cnr/uti/cnr_b_gloves.uti.json,CNR - Bases,cnr_b_gloves,cnr_b_gloves,36,gloves,1,equipment,retain_equipment_limit,0,36
cnr_b_gsword,src/cnr/uti/cnr_b_gsword.uti.json,CNR - Bases,cnr_b_gsword,cnr_b_gsword,13,greatsword,1,equipment,retain_equipment_limit,0,13
cnr_b_halberd,src/cnr/uti/cnr_b_halberd.uti.json,CNR - Bases,cnr_b_halberd,cnr_b_halberd,10,halberd,1,equipment,retain_equipment_limit,0,10
cnr_b_haxe,src/cnr/uti/cnr_b_haxe.uti.json,CNR - Bases,cnr_b_haxe,cnr_b_haxe,38,handaxe,1,equipment,retain_equipment_limit,0,38
cnr_b_helmet,src/cnr/uti/cnr_b_helmet.uti.json,CNR - Bases,cnr_b_helmet,cnr_b_helmet,17,helmet,1,equipment,retain_equipment_limit,0,17
cnr_b_hflail,src/cnr/uti/cnr_b_hflail.uti.json,CNR - Bases,cnr_b_hflail,cnr_b_hflail,35,heavyflail,1,equipment,retain_equipment_limit,0,35
cnr_b_hgaxe,src/cnr/uti/cnr_b_hgaxe.uti.json,CNR - Bases,cnr_b_hgaxe,cnr_b_hgaxe,512,Hgreataxe,1,equipment,retain_equipment_limit,0,512
cnr_b_hgsword,src/cnr/uti/cnr_b_hgsword.uti.json,CNR - Bases,cnr_b_hgsword,cnr_b_hgsword,511,Hgreatsword,1,equipment,retain_equipment_limit,0,511
cnr_b_hide,src/cnr/uti/cnr_b_hide.uti.json,CNR - Bases,cnr_b_hide,cnr_b_hide,16,armor,1,equipment,retain_equipment_limit,0,16
cnr_b_hmace,src/cnr/uti/cnr_b_hmace.uti.json,CNR - Bases,cnr_b_hmace,cnr_b_hmace,317,heavy_mace,1,equipment,retain_equipment_limit,0,317
cnr_b_hmaul,src/cnr/uti/cnr_b_hmaul.uti.json,CNR - Bases,cnr_b_hmaul,cnr_b_hmaul,510,Hmaul,1,equipment,retain_equipment_limit,0,510
cnr_b_hpick,src/cnr/uti/cnr_b_hpick.uti.json,CNR - Bases,cnr_b_hpick,cnr_b_hpick,301,heavypick,1,equipment,retain_equipment_limit,0,301
cnr_b_hxbow,src/cnr/uti/cnr_b_hxbow.uti.json,CNR - Bases,cnr_b_hxbow,cnr_b_hxbow,6,heavycrossbow,1,equipment,retain_equipment_limit,0,6
cnr_b_kama,src/cnr/uti/cnr_b_kama.uti.json,CNR - Bases,cnr_b_kama,cnr_b_kama,40,kama,1,equipment,retain_equipment_limit,0,40
cnr_b_katana,src/cnr/uti/cnr_b_katana.uti.json,CNR - Bases,cnr_b_katana,cnr_b_katana,41,katana,1,equipment,retain_equipment_limit,0,41
cnr_b_katar,src/cnr/uti/cnr_b_katar.uti.json,CNR - Bases,cnr_b_katar,cnr_b_katar,310,katar,1,equipment,retain_equipment_limit,0,310
cnr_b_kukri,src/cnr/uti/cnr_b_kukri.uti.json,CNR - Bases,cnr_b_kukri,cnr_b_kukri,42,kukri,1,equipment,retain_equipment_limit,0,42
cnr_b_lbow,src/cnr/uti/cnr_b_lbow.uti.json,CNR - Bases,cnr_b_lbow,cnr_b_lbow,8,longbow,1,equipment,retain_equipment_limit,0,8
cnr_b_leather,src/cnr/uti/cnr_b_leather.uti.json,CNR - Bases,cnr_b_leather,cnr_b_leather,16,armor,1,equipment,retain_equipment_limit,0,16
cnr_b_lflail,src/cnr/uti/cnr_b_lflail.uti.json,CNR - Bases,cnr_b_lflail,cnr_b_lflail,4,lightflail,1,equipment,retain_equipment_limit,0,4
cnr_b_lhammer,src/cnr/uti/cnr_b_lhammer.uti.json,CNR - Bases,cnr_b_lhammer,cnr_b_lhammer,37,lighthammer,1,equipment,retain_equipment_limit,0,37
cnr_b_lmace,src/cnr/uti/cnr_b_lmace.uti.json,CNR - Bases,cnr_b_lmace,cnr_b_lmace,9,lightmace,1,equipment,retain_equipment_limit,0,9
cnr_b_lpick,src/cnr/uti/cnr_b_lpick.uti.json,CNR - Bases,cnr_b_lpick,cnr_b_lpick,302,lightpick,1,equipment,retain_equipment_limit,0,302
cnr_b_lshield,src/cnr/uti/cnr_b_lshield.uti.json,CNR - Bases,cnr_b_lshield,cnr_b_lshield,56,largeshield,1,equipment,retain_equipment_limit,0,56
cnr_b_lspear,src/cnr/uti/cnr_b_lspear.uti.json,CNR - Bases,cnr_b_lspear,cnr_b_lspear,513,Longspear,1,equipment,retain_equipment_limit,0,513
cnr_b_lsword,src/cnr/uti/cnr_b_lsword.uti.json,CNR - Bases,cnr_b_lsword,cnr_b_lsword,1,longsword,1,equipment,retain_equipment_limit,0,1
cnr_b_lxbow,src/cnr/uti/cnr_b_lxbow.uti.json,CNR - Bases,cnr_b_lxbow,cnr_b_lxbow,7,lightcrossbow,1,equipment,retain_equipment_limit,0,7
cnr_b_maugsw,src/cnr/uti/cnr_b_maugsw.uti.json,CNR - Bases,cnr_b_maugsw,cnr_b_maugsw,324,maugdoublesword,1,equipment,retain_equipment_limit,0,324
cnr_b_maul,src/cnr/uti/cnr_b_maul.uti.json,CNR - Bases,cnr_b_maul,cnr_b_maul,318,maul,1,equipment,retain_equipment_limit,0,318
cnr_b_mstar,src/cnr/uti/cnr_b_mstar.uti.json,CNR - Bases,cnr_b_mstar,cnr_b_mstar,47,morningstar,1,equipment,retain_equipment_limit,0,47
cnr_b_nunchak,src/cnr/uti/cnr_b_nunchak.uti.json,CNR - Bases,cnr_b_nunchak,cnr_b_nunchak,304,nunchaku,1,equipment,retain_equipment_limit,0,304
cnr_b_padded,src/cnr/uti/cnr_b_padded.uti.json,CNR - Bases,cnr_b_padded,cnr_b_padded,16,armor,1,equipment,retain_equipment_limit,0,16
cnr_b_plate,src/cnr/uti/cnr_b_plate.uti.json,CNR - Bases,cnr_b_plate,cnr_b_plate,16,armor,1,equipment,retain_equipment_limit,0,16
cnr_b_qstaff,src/cnr/uti/cnr_b_qstaff.uti.json,CNR - Bases,cnr_b_qstaff,cnr_b_qstaff,50,quarterstaff,1,equipment,retain_equipment_limit,0,50
cnr_b_rapier,src/cnr/uti/cnr_b_rapier.uti.json,CNR - Bases,cnr_b_rapier,cnr_b_rapier,51,rapier,1,equipment,retain_equipment_limit,0,51
cnr_b_sai,src/cnr/uti/cnr_b_sai.uti.json,CNR - Bases,cnr_b_sai,cnr_b_sai,303,sai,1,equipment,retain_equipment_limit,0,303
cnr_b_sbow,src/cnr/uti/cnr_b_sbow.uti.json,CNR - Bases,cnr_b_sbow,cnr_b_sbow,11,shortbow,1,equipment,retain_equipment_limit,0,11
cnr_b_scale,src/cnr/uti/cnr_b_scale.uti.json,CNR - Bases,cnr_b_scale,cnr_b_scale,16,armor,1,equipment,retain_equipment_limit,0,16
cnr_b_scim,src/cnr/uti/cnr_b_scim.uti.json,CNR - Bases,cnr_b_scim,cnr_b_scim,53,scimitar,1,equipment,retain_equipment_limit,0,53
cnr_b_scythe,src/cnr/uti/cnr_b_scythe.uti.json,CNR - Bases,cnr_b_scythe,cnr_b_scythe,55,scythe,1,equipment,retain_equipment_limit,0,55
cnr_b_sdagger,src/cnr/uti/cnr_b_sdagger.uti.json,CNR - Bases,cnr_b_sdagger,cnr_b_sdagger,514,SorcererDagger,1,equipment,retain_equipment_limit,0,514
cnr_b_shurik,src/cnr/uti/cnr_b_shurik.uti.json,CNR - Bases,cnr_b_shurik,cnr_b_shurik,59,shuriken,50,equipment,retain_equipment_limit,0,59
cnr_b_sickle,src/cnr/uti/cnr_b_sickle.uti.json,CNR - Bases,cnr_b_sickle,cnr_b_sickle,60,sickle,1,equipment,retain_equipment_limit,0,60
cnr_b_sshield,src/cnr/uti/cnr_b_sshield.uti.json,CNR - Bases,cnr_b_sshield,cnr_b_sshield,14,smallshield,1,equipment,retain_equipment_limit,0,14
cnr_b_sspear,src/cnr/uti/cnr_b_sspear.uti.json,CNR - Bases,cnr_b_sspear,cnr_b_sspear,210,shortspear,1,equipment,retain_equipment_limit,0,210
cnr_b_ssword,src/cnr/uti/cnr_b_ssword.uti.json,CNR - Bases,cnr_b_ssword,cnr_b_ssword,0,shortsword,1,equipment,retain_equipment_limit,0,0
cnr_b_studded,src/cnr/uti/cnr_b_studded.uti.json,CNR - Bases,cnr_b_studded,cnr_b_studded,16,armor,1,equipment,retain_equipment_limit,0,16
cnr_b_taxe,src/cnr/uti/cnr_b_taxe.uti.json,CNR - Bases,cnr_b_taxe,cnr_b_taxe,63,throwingaxe,50,equipment,retain_equipment_limit,0,63
cnr_b_trid1h,src/cnr/uti/cnr_b_trid1h.uti.json,CNR - Bases,cnr_b_trid1h,cnr_b_trid1h,300,trident_1h,1,equipment,retain_equipment_limit,0,300
cnr_b_trident,src/cnr/uti/cnr_b_trident.uti.json,CNR - Bases,cnr_b_trident,cnr_b_trident,95,trident,1,equipment,retain_equipment_limit,0,95
cnr_b_tshield,src/cnr/uti/cnr_b_tshield.uti.json,CNR - Bases,cnr_b_tshield,cnr_b_tshield,57,towershield,1,equipment,retain_equipment_limit,0,57
cnr_b_veneno_con,src/cnr/uti/cnr_b_veneno_con.uti.json,CNR - Varios,cnr_b_veneno_con,cnr_b_veneno_con,81,grenade,10,material_or_consumable,retain_stack_10,0,81
cnr_b_veneno_her,src/cnr/uti/cnr_b_veneno_her.uti.json,CNR - Varios,cnr_b_veneno_her,cnr_b_veneno_her,81,grenade,10,material_or_consumable,retain_stack_10,0,81
cnr_b_veneno_ing,src/cnr/uti/cnr_b_veneno_ing.uti.json,CNR - Varios,cnr_b_veneno_ing,cnr_b_veneno_ing,81,grenade,10,material_or_consumable,retain_stack_10,0,81
cnr_b_veneno_inh,src/cnr/uti/cnr_b_veneno_inh.uti.json,CNR - Varios,cnr_b_veneno_inh,cnr_b_veneno_inh,81,grenade,10,material_or_consumable,retain_stack_10,0,81
cnr_b_wfwheel,src/cnr/uti/cnr_b_wfwheel.uti.json,CNR - Bases,cnr_b_wfwheel,cnr_b_wfwheel,323,windfirewheel,1,equipment,retain_equipment_limit,0,323
cnr_b_whammer,src/cnr/uti/cnr_b_whammer.uti.json,CNR - Bases,cnr_b_whammer,cnr_b_whammer,5,warhammer,1,equipment,retain_equipment_limit,0,5
cnr_b_whip,src/cnr/uti/cnr_b_whip.uti.json,CNR - Bases,cnr_b_whip,cnr_b_whip,111,Whip,1,equipment,retain_equipment_limit,0,111
cnr_b_wspear,src/cnr/uti/cnr_b_wspear.uti.json,CNR - Bases,cnr_b_wspear,cnr_b_wspear,58,warspear,1,equipment,retain_equipment_limit,0,58
cnr_bastonroble,src/cnr/uti/cnr_bastonroble.uti.json,CNR - Carpinteria,cnr_bastonroble,cnr_bastonroble,45,magicstaff,1,equipment,retain_equipment_limit,0,45
cnr_c_1,src/cnr/uti/cnr_c_1.uti.json,CNR - Arcano,cnr_c_1,cnr_c_1,79,miscthin,1,material_or_consumable,dedicated_stack_10,0,530
cnr_c_2,src/cnr/uti/cnr_c_2.uti.json,CNR - Arcano,cnr_c_2,cnr_c_2,79,miscthin,1,material_or_consumable,dedicated_stack_10,0,530
cnr_c_3,src/cnr/uti/cnr_c_3.uti.json,CNR - Arcano,cnr_c_3,cnr_c_3,79,miscthin,1,material_or_consumable,dedicated_stack_10,0,530
cnr_c_4,src/cnr/uti/cnr_c_4.uti.json,CNR - Arcano,cnr_c_4,cnr_c_4,79,miscthin,1,material_or_consumable,dedicated_stack_10,0,530
cnr_c_5,src/cnr/uti/cnr_c_5.uti.json,CNR - Arcano,cnr_c_5,cnr_c_5,79,miscthin,1,material_or_consumable,dedicated_stack_10,0,530
cnr_c_6,src/cnr/uti/cnr_c_6.uti.json,CNR - Arcano,cnr_c_6,cnr_c_6,79,miscthin,1,material_or_consumable,dedicated_stack_10,0,530
cnr_e_1,src/cnr/uti/cnr_e_1.uti.json,CNR - Arcano,cnr_e_1,cnr_e_1,211,miscsmall3,1,material_or_consumable,dedicated_stack_10,0,532
cnr_e_10,src/cnr/uti/cnr_e_10.uti.json,CNR - Arcano,cnr_e_10,cnr_e_10,311,miscsmall2,1,material_or_consumable,dedicated_stack_10,0,537
cnr_e_100,src/cnr/uti/cnr_e_100.uti.json,CNR - Arcano,cnr_e_100,cnr_e_100,311,miscsmall2,1,material_or_consumable,dedicated_stack_10,0,537
cnr_e_101,src/cnr/uti/cnr_e_101.uti.json,CNR - Arcano,cnr_e_101,cnr_e_101,311,miscsmall2,1,material_or_consumable,dedicated_stack_10,0,537
cnr_e_102,src/cnr/uti/cnr_e_102.uti.json,CNR - Arcano,cnr_e_102,cnr_e_102,311,miscsmall2,1,material_or_consumable,dedicated_stack_10,0,537
cnr_e_103,src/cnr/uti/cnr_e_103.uti.json,CNR - Arcano,cnr_e_103,cnr_e_103,311,miscsmall2,1,material_or_consumable,dedicated_stack_10,0,537
cnr_e_104,src/cnr/uti/cnr_e_104.uti.json,CNR - Arcano,cnr_e_104,cnr_e_104,311,miscsmall2,1,material_or_consumable,dedicated_stack_10,0,537
cnr_e_105,src/cnr/uti/cnr_e_105.uti.json,CNR - Arcano,cnr_e_105,cnr_e_105,311,miscsmall2,1,material_or_consumable,dedicated_stack_10,0,537
cnr_e_106,src/cnr/uti/cnr_e_106.uti.json,CNR - Arcano,cnr_e_106,cnr_e_106,311,miscsmall2,1,material_or_consumable,dedicated_stack_10,0,537
cnr_e_107,src/cnr/uti/cnr_e_107.uti.json,CNR - Arcano,cnr_e_107,cnr_e_107,211,miscsmall3,1,material_or_consumable,dedicated_stack_10,0,532
cnr_e_108,src/cnr/uti/cnr_e_108.uti.json,CNR - Arcano,cnr_e_108,cnr_e_108,311,miscsmall2,1,material_or_consumable,dedicated_stack_10,0,537
cnr_e_109,src/cnr/uti/cnr_e_109.uti.json,CNR - Arcano,cnr_e_109,cnr_e_109,311,miscsmall2,1,material_or_consumable,dedicated_stack_10,0,537
cnr_e_11,src/cnr/uti/cnr_e_11.uti.json,CNR - Arcano,cnr_e_11,cnr_e_11,311,miscsmall2,1,material_or_consumable,dedicated_stack_10,0,537
cnr_e_110,src/cnr/uti/cnr_e_110.uti.json,CNR - Arcano,cnr_e_110,cnr_e_110,211,miscsmall3,1,material_or_consumable,dedicated_stack_10,0,532
cnr_e_111,src/cnr/uti/cnr_e_111.uti.json,CNR - Arcano,cnr_e_111,cnr_e_111,211,miscsmall3,1,material_or_consumable,dedicated_stack_10,0,532
cnr_e_112,src/cnr/uti/cnr_e_112.uti.json,CNR - Arcano,cnr_e_112,cnr_e_112,211,miscsmall3,1,material_or_consumable,dedicated_stack_10,0,532
cnr_e_113,src/cnr/uti/cnr_e_113.uti.json,CNR - Arcano,cnr_e_113,cnr_e_113,311,miscsmall2,1,material_or_consumable,dedicated_stack_10,0,537
cnr_e_114,src/cnr/uti/cnr_e_114.uti.json,CNR - Arcano,cnr_e_114,cnr_e_114,311,miscsmall2,1,material_or_consumable,dedicated_stack_10,0,537
cnr_e_115,src/cnr/uti/cnr_e_115.uti.json,CNR - Arcano,cnr_e_115,cnr_e_115,311,miscsmall2,1,material_or_consumable,dedicated_stack_10,0,537
cnr_e_116,src/cnr/uti/cnr_e_116.uti.json,CNR - Arcano,cnr_e_116,cnr_e_116,311,miscsmall2,1,material_or_consumable,dedicated_stack_10,0,537
cnr_e_117,src/cnr/uti/cnr_e_117.uti.json,CNR - Arcano,cnr_e_117,cnr_e_117,24,miscsmall,1,material_or_consumable,dedicated_stack_10,0,523
cnr_e_118,src/cnr/uti/cnr_e_118.uti.json,CNR - Arcano,cnr_e_118,cnr_e_118,211,miscsmall3,1,material_or_consumable,dedicated_stack_10,0,532
cnr_e_119,src/cnr/uti/cnr_e_119.uti.json,CNR - Arcano,cnr_e_119,cnr_e_119,211,miscsmall3,1,material_or_consumable,dedicated_stack_10,0,532
cnr_e_12,src/cnr/uti/cnr_e_12.uti.json,CNR - Arcano,cnr_e_12,cnr_e_12,311,miscsmall2,1,material_or_consumable,dedicated_stack_10,0,537
cnr_e_120,src/cnr/uti/cnr_e_120.uti.json,CNR - Arcano,cnr_e_120,cnr_e_120,211,miscsmall3,1,material_or_consumable,dedicated_stack_10,0,532
cnr_e_121,src/cnr/uti/cnr_e_121.uti.json,CNR - Arcano,cnr_e_121,cnr_e_121,211,miscsmall3,1,material_or_consumable,dedicated_stack_10,0,532
cnr_e_122,src/cnr/uti/cnr_e_122.uti.json,CNR - Arcano,cnr_e_122,cnr_e_122,211,miscsmall3,1,material_or_consumable,dedicated_stack_10,0,532
cnr_e_123,src/cnr/uti/cnr_e_123.uti.json,CNR - Arcano,cnr_e_123,cnr_e_123,211,miscsmall3,1,material_or_consumable,dedicated_stack_10,0,532
cnr_e_124,src/cnr/uti/cnr_e_124.uti.json,CNR - Arcano,cnr_e_124,cnr_e_124,211,miscsmall3,1,material_or_consumable,dedicated_stack_10,0,532
cnr_e_125,src/cnr/uti/cnr_e_125.uti.json,CNR - Arcano,cnr_e_125,cnr_e_125,211,miscsmall3,1,material_or_consumable,dedicated_stack_10,0,532
cnr_e_126,src/cnr/uti/cnr_e_126.uti.json,CNR - Arcano,cnr_e_126,cnr_e_126,311,miscsmall2,1,material_or_consumable,dedicated_stack_10,0,537
cnr_e_127,src/cnr/uti/cnr_e_127.uti.json,CNR - Arcano,cnr_e_127,cnr_e_127,79,miscthin,1,material_or_consumable,dedicated_stack_10,0,530
cnr_e_128,src/cnr/uti/cnr_e_128.uti.json,CNR - Arcano,cnr_e_128,cnr_e_128,101,empty_potion,1,material_or_consumable,dedicated_stack_10,1,531
cnr_e_129,src/cnr/uti/cnr_e_129.uti.json,CNR - Arcano,cnr_e_129,cnr_e_129,211,miscsmall3,1,material_or_consumable,dedicated_stack_10,0,532
cnr_e_13,src/cnr/uti/cnr_e_13.uti.json,CNR - Arcano,cnr_e_13,cnr_e_13,211,miscsmall3,1,material_or_consumable,dedicated_stack_10,0,532
cnr_e_14,src/cnr/uti/cnr_e_14.uti.json,CNR - Arcano,cnr_e_14,cnr_e_14,211,miscsmall3,1,material_or_consumable,dedicated_stack_10,0,532
cnr_e_15,src/cnr/uti/cnr_e_15.uti.json,CNR - Arcano,cnr_e_15,cnr_e_15,211,miscsmall3,1,material_or_consumable,dedicated_stack_10,0,532
cnr_e_16,src/cnr/uti/cnr_e_16.uti.json,CNR - Arcano,cnr_e_16,cnr_e_16,211,miscsmall3,1,material_or_consumable,dedicated_stack_10,0,532
cnr_e_17,src/cnr/uti/cnr_e_17.uti.json,CNR - Arcano,cnr_e_17,cnr_e_17,311,miscsmall2,1,material_or_consumable,dedicated_stack_10,0,537
cnr_e_18,src/cnr/uti/cnr_e_18.uti.json,CNR - Arcano,cnr_e_18,cnr_e_18,311,miscsmall2,1,material_or_consumable,dedicated_stack_10,0,537
cnr_e_19,src/cnr/uti/cnr_e_19.uti.json,CNR - Arcano,cnr_e_19,cnr_e_19,311,miscsmall2,1,material_or_consumable,dedicated_stack_10,0,537
cnr_e_2,src/cnr/uti/cnr_e_2.uti.json,CNR - Arcano,cnr_e_2,cnr_e_2,311,miscsmall2,1,material_or_consumable,dedicated_stack_10,0,537
cnr_e_20,src/cnr/uti/cnr_e_20.uti.json,CNR - Arcano,cnr_e_20,cnr_e_20,311,miscsmall2,1,material_or_consumable,dedicated_stack_10,0,537
cnr_e_21,src/cnr/uti/cnr_e_21.uti.json,CNR - Arcano,cnr_e_21,cnr_e_21,211,miscsmall3,1,material_or_consumable,dedicated_stack_10,0,532
cnr_e_22,src/cnr/uti/cnr_e_22.uti.json,CNR - Arcano,cnr_e_22,cnr_e_22,311,miscsmall2,1,material_or_consumable,dedicated_stack_10,0,537
cnr_e_23,src/cnr/uti/cnr_e_23.uti.json,CNR - Arcano,cnr_e_23,cnr_e_23,211,miscsmall3,1,material_or_consumable,dedicated_stack_10,0,532
cnr_e_24,src/cnr/uti/cnr_e_24.uti.json,CNR - Arcano,cnr_e_24,cnr_e_24,311,miscsmall2,1,material_or_consumable,dedicated_stack_10,0,537
cnr_e_25,src/cnr/uti/cnr_e_25.uti.json,CNR - Arcano,cnr_e_25,cnr_e_25,211,miscsmall3,1,material_or_consumable,dedicated_stack_10,0,532
cnr_e_26,src/cnr/uti/cnr_e_26.uti.json,CNR - Arcano,cnr_e_26,cnr_e_26,211,miscsmall3,1,material_or_consumable,dedicated_stack_10,0,532
cnr_e_27,src/cnr/uti/cnr_e_27.uti.json,CNR - Arcano,cnr_e_27,cnr_e_27,211,miscsmall3,1,material_or_consumable,dedicated_stack_10,0,532
cnr_e_28,src/cnr/uti/cnr_e_28.uti.json,CNR - Arcano,cnr_e_28,cnr_e_28,311,miscsmall2,1,material_or_consumable,dedicated_stack_10,0,537
cnr_e_29,src/cnr/uti/cnr_e_29.uti.json,CNR - Arcano,cnr_e_29,cnr_e_29,211,miscsmall3,1,material_or_consumable,dedicated_stack_10,0,532
cnr_e_3,src/cnr/uti/cnr_e_3.uti.json,CNR - Arcano,cnr_e_3,cnr_e_3,311,miscsmall2,1,material_or_consumable,dedicated_stack_10,0,537
cnr_e_30,src/cnr/uti/cnr_e_30.uti.json,CNR - Arcano,cnr_e_30,cnr_e_30,211,miscsmall3,1,material_or_consumable,dedicated_stack_10,0,532
cnr_e_31,src/cnr/uti/cnr_e_31.uti.json,CNR - Arcano,cnr_e_31,cnr_e_31,311,miscsmall2,1,material_or_consumable,dedicated_stack_10,0,537
cnr_e_32,src/cnr/uti/cnr_e_32.uti.json,CNR - Arcano,cnr_e_32,cnr_e_32,311,miscsmall2,1,material_or_consumable,dedicated_stack_10,0,537
cnr_e_33,src/cnr/uti/cnr_e_33.uti.json,CNR - Arcano,cnr_e_33,cnr_e_33,24,miscsmall,1,material_or_consumable,dedicated_stack_10,0,523
cnr_e_34,src/cnr/uti/cnr_e_34.uti.json,CNR - Arcano,cnr_e_34,cnr_e_34,24,miscsmall,1,material_or_consumable,dedicated_stack_10,0,523
cnr_e_35,src/cnr/uti/cnr_e_35.uti.json,CNR - Arcano,cnr_e_35,cnr_e_35,311,miscsmall2,1,material_or_consumable,dedicated_stack_10,0,537
cnr_e_36,src/cnr/uti/cnr_e_36.uti.json,CNR - Arcano,cnr_e_36,cnr_e_36,311,miscsmall2,1,material_or_consumable,dedicated_stack_10,0,537
cnr_e_37,src/cnr/uti/cnr_e_37.uti.json,CNR - Arcano,cnr_e_37,cnr_e_37,311,miscsmall2,1,material_or_consumable,dedicated_stack_10,0,537
cnr_e_38,src/cnr/uti/cnr_e_38.uti.json,CNR - Arcano,cnr_e_38,cnr_e_38,211,miscsmall3,1,material_or_consumable,dedicated_stack_10,0,532
cnr_e_39,src/cnr/uti/cnr_e_39.uti.json,CNR - Arcano,cnr_e_39,cnr_e_39,311,miscsmall2,1,material_or_consumable,dedicated_stack_10,0,537
cnr_e_4,src/cnr/uti/cnr_e_4.uti.json,CNR - Arcano,cnr_e_4,cnr_e_4,311,miscsmall2,1,material_or_consumable,dedicated_stack_10,0,537
cnr_e_40,src/cnr/uti/cnr_e_40.uti.json,CNR - Arcano,cnr_e_40,cnr_e_40,211,miscsmall3,1,material_or_consumable,dedicated_stack_10,0,532
cnr_e_41,src/cnr/uti/cnr_e_41.uti.json,CNR - Arcano,cnr_e_41,cnr_e_41,311,miscsmall2,1,material_or_consumable,dedicated_stack_10,0,537
cnr_e_42,src/cnr/uti/cnr_e_42.uti.json,CNR - Arcano,cnr_e_42,cnr_e_42,311,miscsmall2,1,material_or_consumable,dedicated_stack_10,0,537
cnr_e_43,src/cnr/uti/cnr_e_43.uti.json,CNR - Arcano,cnr_e_43,cnr_e_43,311,miscsmall2,1,material_or_consumable,dedicated_stack_10,0,537
cnr_e_44,src/cnr/uti/cnr_e_44.uti.json,CNR - Arcano,cnr_e_44,cnr_e_44,211,miscsmall3,1,material_or_consumable,dedicated_stack_10,0,532
cnr_e_45,src/cnr/uti/cnr_e_45.uti.json,CNR - Arcano,cnr_e_45,cnr_e_45,311,miscsmall2,1,material_or_consumable,dedicated_stack_10,0,537
cnr_e_46,src/cnr/uti/cnr_e_46.uti.json,CNR - Arcano,cnr_e_46,cnr_e_46,211,miscsmall3,1,material_or_consumable,dedicated_stack_10,0,532
cnr_e_47,src/cnr/uti/cnr_e_47.uti.json,CNR - Arcano,cnr_e_47,cnr_e_47,311,miscsmall2,1,material_or_consumable,dedicated_stack_10,0,537
cnr_e_48,src/cnr/uti/cnr_e_48.uti.json,CNR - Arcano,cnr_e_48,cnr_e_48,311,miscsmall2,1,material_or_consumable,dedicated_stack_10,0,537
cnr_e_49,src/cnr/uti/cnr_e_49.uti.json,CNR - Arcano,cnr_e_49,cnr_e_49,311,miscsmall2,1,material_or_consumable,dedicated_stack_10,0,537
cnr_e_5,src/cnr/uti/cnr_e_5.uti.json,CNR - Arcano,cnr_e_5,cnr_e_5,211,miscsmall3,1,material_or_consumable,dedicated_stack_10,0,532
cnr_e_50,src/cnr/uti/cnr_e_50.uti.json,CNR - Arcano,cnr_e_50,cnr_e_50,211,miscsmall3,1,material_or_consumable,dedicated_stack_10,0,532
cnr_e_51,src/cnr/uti/cnr_e_51.uti.json,CNR - Arcano,cnr_e_51,cnr_e_51,311,miscsmall2,1,material_or_consumable,dedicated_stack_10,0,537
cnr_e_52,src/cnr/uti/cnr_e_52.uti.json,CNR - Arcano,cnr_e_52,cnr_e_52,311,miscsmall2,1,material_or_consumable,dedicated_stack_10,0,537
cnr_e_53,src/cnr/uti/cnr_e_53.uti.json,CNR - Arcano,cnr_e_53,cnr_e_53,311,miscsmall2,1,material_or_consumable,dedicated_stack_10,0,537
cnr_e_54,src/cnr/uti/cnr_e_54.uti.json,CNR - Arcano,cnr_e_54,cnr_e_54,211,miscsmall3,1,material_or_consumable,dedicated_stack_10,0,532
cnr_e_55,src/cnr/uti/cnr_e_55.uti.json,CNR - Arcano,cnr_e_55,cnr_e_55,211,miscsmall3,1,material_or_consumable,dedicated_stack_10,0,532
cnr_e_56,src/cnr/uti/cnr_e_56.uti.json,CNR - Arcano,cnr_e_56,cnr_e_56,311,miscsmall2,1,material_or_consumable,dedicated_stack_10,0,537
cnr_e_57,src/cnr/uti/cnr_e_57.uti.json,CNR - Arcano,cnr_e_57,cnr_e_57,211,miscsmall3,1,material_or_consumable,dedicated_stack_10,0,532
cnr_e_58,src/cnr/uti/cnr_e_58.uti.json,CNR - Arcano,cnr_e_58,cnr_e_58,211,miscsmall3,1,material_or_consumable,dedicated_stack_10,0,532
cnr_e_59,src/cnr/uti/cnr_e_59.uti.json,CNR - Arcano,cnr_e_59,cnr_e_59,211,miscsmall3,1,material_or_consumable,dedicated_stack_10,0,532
cnr_e_6,src/cnr/uti/cnr_e_6.uti.json,CNR - Arcano,cnr_e_6,cnr_e_6,211,miscsmall3,1,material_or_consumable,dedicated_stack_10,0,532
cnr_e_60,src/cnr/uti/cnr_e_60.uti.json,CNR - Arcano,cnr_e_60,cnr_e_60,211,miscsmall3,1,material_or_consumable,dedicated_stack_10,0,532
cnr_e_61,src/cnr/uti/cnr_e_61.uti.json,CNR - Arcano,cnr_e_61,cnr_e_61,211,miscsmall3,1,material_or_consumable,dedicated_stack_10,0,532
cnr_e_62,src/cnr/uti/cnr_e_62.uti.json,CNR - Arcano,cnr_e_62,cnr_e_62,311,miscsmall2,1,material_or_consumable,dedicated_stack_10,0,537
cnr_e_63,src/cnr/uti/cnr_e_63.uti.json,CNR - Arcano,cnr_e_63,cnr_e_63,311,miscsmall2,1,material_or_consumable,dedicated_stack_10,0,537
cnr_e_64,src/cnr/uti/cnr_e_64.uti.json,CNR - Arcano,cnr_e_64,cnr_e_64,311,miscsmall2,1,material_or_consumable,dedicated_stack_10,0,537
cnr_e_65,src/cnr/uti/cnr_e_65.uti.json,CNR - Arcano,cnr_e_65,cnr_e_65,311,miscsmall2,1,material_or_consumable,dedicated_stack_10,0,537
cnr_e_66,src/cnr/uti/cnr_e_66.uti.json,CNR - Arcano,cnr_e_66,cnr_e_66,24,miscsmall,1,material_or_consumable,dedicated_stack_10,0,523
cnr_e_67,src/cnr/uti/cnr_e_67.uti.json,CNR - Arcano,cnr_e_67,cnr_e_67,24,miscsmall,1,material_or_consumable,dedicated_stack_10,0,523
cnr_e_68,src/cnr/uti/cnr_e_68.uti.json,CNR - Arcano,cnr_e_68,cnr_e_68,24,miscsmall,1,material_or_consumable,dedicated_stack_10,0,523
cnr_e_69,src/cnr/uti/cnr_e_69.uti.json,CNR - Arcano,cnr_e_69,cnr_e_69,24,miscsmall,1,material_or_consumable,dedicated_stack_10,0,523
cnr_e_7,src/cnr/uti/cnr_e_7.uti.json,CNR - Arcano,cnr_e_7,cnr_e_7,311,miscsmall2,1,material_or_consumable,dedicated_stack_10,0,537
cnr_e_70,src/cnr/uti/cnr_e_70.uti.json,CNR - Arcano,cnr_e_70,cnr_e_70,24,miscsmall,1,material_or_consumable,dedicated_stack_10,0,523
cnr_e_71,src/cnr/uti/cnr_e_71.uti.json,CNR - Arcano,cnr_e_71,cnr_e_71,311,miscsmall2,1,material_or_consumable,dedicated_stack_10,0,537
cnr_e_72,src/cnr/uti/cnr_e_72.uti.json,CNR - Arcano,cnr_e_72,cnr_e_72,24,miscsmall,1,material_or_consumable,dedicated_stack_10,0,523
cnr_e_73,src/cnr/uti/cnr_e_73.uti.json,CNR - Arcano,cnr_e_73,cnr_e_73,24,miscsmall,1,material_or_consumable,dedicated_stack_10,0,523
cnr_e_74,src/cnr/uti/cnr_e_74.uti.json,CNR - Arcano,cnr_e_74,cnr_e_74,24,miscsmall,1,material_or_consumable,dedicated_stack_10,0,523
cnr_e_75,src/cnr/uti/cnr_e_75.uti.json,CNR - Arcano,cnr_e_75,cnr_e_75,24,miscsmall,1,material_or_consumable,dedicated_stack_10,0,523
cnr_e_76,src/cnr/uti/cnr_e_76.uti.json,CNR - Arcano,cnr_e_76,cnr_e_76,24,miscsmall,1,material_or_consumable,dedicated_stack_10,0,523
cnr_e_77,src/cnr/uti/cnr_e_77.uti.json,CNR - Arcano,cnr_e_77,cnr_e_77,24,miscsmall,1,material_or_consumable,dedicated_stack_10,0,523
cnr_e_78,src/cnr/uti/cnr_e_78.uti.json,CNR - Arcano,cnr_e_78,cnr_e_78,311,miscsmall2,1,material_or_consumable,dedicated_stack_10,0,537
cnr_e_79,src/cnr/uti/cnr_e_79.uti.json,CNR - Arcano,cnr_e_79,cnr_e_79,211,miscsmall3,1,material_or_consumable,dedicated_stack_10,0,532
cnr_e_8,src/cnr/uti/cnr_e_8.uti.json,CNR - Arcano,cnr_e_8,cnr_e_8,311,miscsmall2,1,material_or_consumable,dedicated_stack_10,0,537
cnr_e_80,src/cnr/uti/cnr_e_80.uti.json,CNR - Arcano,cnr_e_80,cnr_e_80,311,miscsmall2,1,material_or_consumable,dedicated_stack_10,0,537
cnr_e_81,src/cnr/uti/cnr_e_81.uti.json,CNR - Arcano,cnr_e_81,cnr_e_81,24,miscsmall,1,material_or_consumable,dedicated_stack_10,0,523
cnr_e_82,src/cnr/uti/cnr_e_82.uti.json,CNR - Arcano,cnr_e_82,cnr_e_82,311,miscsmall2,1,material_or_consumable,dedicated_stack_10,0,537
cnr_e_83,src/cnr/uti/cnr_e_83.uti.json,CNR - Arcano,cnr_e_83,cnr_e_83,211,miscsmall3,1,material_or_consumable,dedicated_stack_10,0,532
cnr_e_84,src/cnr/uti/cnr_e_84.uti.json,CNR - Arcano,cnr_e_84,cnr_e_84,311,miscsmall2,1,material_or_consumable,dedicated_stack_10,0,537
cnr_e_85,src/cnr/uti/cnr_e_85.uti.json,CNR - Arcano,cnr_e_85,cnr_e_85,311,miscsmall2,1,material_or_consumable,dedicated_stack_10,0,537
cnr_e_86,src/cnr/uti/cnr_e_86.uti.json,CNR - Arcano,cnr_e_86,cnr_e_86,211,miscsmall3,1,material_or_consumable,dedicated_stack_10,0,532
cnr_e_87,src/cnr/uti/cnr_e_87.uti.json,CNR - Arcano,cnr_e_87,cnr_e_87,311,miscsmall2,1,material_or_consumable,dedicated_stack_10,0,537
cnr_e_88,src/cnr/uti/cnr_e_88.uti.json,CNR - Arcano,cnr_e_88,cnr_e_88,311,miscsmall2,1,material_or_consumable,dedicated_stack_10,0,537
cnr_e_89,src/cnr/uti/cnr_e_89.uti.json,CNR - Arcano,cnr_e_89,cnr_e_89,24,miscsmall,1,material_or_consumable,dedicated_stack_10,0,523
cnr_e_9,src/cnr/uti/cnr_e_9.uti.json,CNR - Arcano,cnr_e_9,cnr_e_9,211,miscsmall3,1,material_or_consumable,dedicated_stack_10,0,532
cnr_e_90,src/cnr/uti/cnr_e_90.uti.json,CNR - Arcano,cnr_e_90,cnr_e_90,211,miscsmall3,1,material_or_consumable,dedicated_stack_10,0,532
cnr_e_91,src/cnr/uti/cnr_e_91.uti.json,CNR - Arcano,cnr_e_91,cnr_e_91,311,miscsmall2,1,material_or_consumable,dedicated_stack_10,0,537
cnr_e_92,src/cnr/uti/cnr_e_92.uti.json,CNR - Arcano,cnr_e_92,cnr_e_92,24,miscsmall,1,material_or_consumable,dedicated_stack_10,0,523
cnr_e_93,src/cnr/uti/cnr_e_93.uti.json,CNR - Arcano,cnr_e_93,cnr_e_93,311,miscsmall2,1,material_or_consumable,dedicated_stack_10,0,537
cnr_e_94,src/cnr/uti/cnr_e_94.uti.json,CNR - Arcano,cnr_e_94,cnr_e_94,311,miscsmall2,1,material_or_consumable,dedicated_stack_10,0,537
cnr_e_95,src/cnr/uti/cnr_e_95.uti.json,CNR - Arcano,cnr_e_95,cnr_e_95,311,miscsmall2,1,material_or_consumable,dedicated_stack_10,0,537
cnr_e_96,src/cnr/uti/cnr_e_96.uti.json,CNR - Arcano,cnr_e_96,cnr_e_96,24,miscsmall,1,material_or_consumable,dedicated_stack_10,0,523
cnr_e_97,src/cnr/uti/cnr_e_97.uti.json,CNR - Arcano,cnr_e_97,cnr_e_97,311,miscsmall2,1,material_or_consumable,dedicated_stack_10,0,537
cnr_e_98,src/cnr/uti/cnr_e_98.uti.json,CNR - Arcano,cnr_e_98,cnr_e_98,211,miscsmall3,1,material_or_consumable,dedicated_stack_10,0,532
cnr_e_99,src/cnr/uti/cnr_e_99.uti.json,CNR - Arcano,cnr_e_99,cnr_e_99,211,miscsmall3,1,material_or_consumable,dedicated_stack_10,0,532
cnr_g_amar,src/cnr/uti/cnr_g_amar.uti.json,CNR - Joyeria,cnr_g_amar,cnr_g_amar,77,gem,10,material_or_consumable,retain_stack_10,0,77
cnr_g_amat,src/cnr/uti/cnr_g_amat.uti.json,CNR - Joyeria,cnr_g_amat,cnr_g_amat,77,gem,10,material_or_consumable,retain_stack_10,0,77
cnr_g_aza,src/cnr/uti/cnr_g_aza.uti.json,CNR - Joyeria,cnr_g_aza,cnr_g_aza,77,gem,10,material_or_consumable,retain_stack_10,0,77
cnr_g_barra,src/cnr/uti/cnr_g_barra.uti.json,CNR - Joyeria,cnr_g_barra,cnr_g_barra,77,gem,10,material_or_consumable,retain_stack_10,0,77
cnr_g_bel,src/cnr/uti/cnr_g_bel.uti.json,CNR - Joyeria,cnr_g_bel,cnr_g_bel,77,gem,10,material_or_consumable,retain_stack_10,0,77
cnr_g_cor,src/cnr/uti/cnr_g_cor.uti.json,CNR - Joyeria,cnr_g_cor,cnr_g_cor,77,gem,10,material_or_consumable,retain_stack_10,0,77
cnr_g_cuar,src/cnr/uti/cnr_g_cuar.uti.json,CNR - Joyeria,cnr_g_cuar,cnr_g_cuar,77,gem,10,material_or_consumable,retain_stack_10,0,77
cnr_g_diam,src/cnr/uti/cnr_g_diam.uti.json,CNR - Joyeria,cnr_g_diam,cnr_g_diam,77,gem,10,material_or_consumable,retain_stack_10,0,77
cnr_g_esme,src/cnr/uti/cnr_g_esme.uti.json,CNR - Joyeria,cnr_g_esme,cnr_g_esme,77,gem,10,material_or_consumable,retain_stack_10,0,77
cnr_g_jac,src/cnr/uti/cnr_g_jac.uti.json,CNR - Joyeria,cnr_g_jac,cnr_g_jac,77,gem,10,material_or_consumable,retain_stack_10,0,77
cnr_g_jade,src/cnr/uti/cnr_g_jade.uti.json,CNR - Joyeria,cnr_g_jade,cnr_g_jade,77,gem,10,material_or_consumable,retain_stack_10,0,77
cnr_g_lagrey,src/cnr/uti/cnr_g_lagrey.uti.json,CNR - Joyeria,cnr_g_lagrey,cnr_g_lagrey,77,gem,10,material_or_consumable,retain_stack_10,0,77
cnr_g_lagroj,src/cnr/uti/cnr_g_lagroj.uti.json,CNR - Joyeria,cnr_g_lagroj,cnr_g_lagroj,77,gem,10,material_or_consumable,retain_stack_10,0,77
cnr_g_obs,src/cnr/uti/cnr_g_obs.uti.json,CNR - Joyeria,cnr_g_obs,cnr_g_obs,77,gem,10,material_or_consumable,retain_stack_10,0,77
cnr_g_opalo,src/cnr/uti/cnr_g_opalo.uti.json,CNR - Joyeria,cnr_g_opalo,cnr_g_opalo,77,gem,10,material_or_consumable,retain_stack_10,0,77
cnr_g_opaloa,src/cnr/uti/cnr_g_opaloa.uti.json,CNR - Joyeria,cnr_g_opaloa,cnr_g_opaloa,77,gem,10,material_or_consumable,retain_stack_10,0,77
cnr_g_opalof,src/cnr/uti/cnr_g_opalof.uti.json,CNR - Joyeria,cnr_g_opalof,cnr_g_opalof,77,gem,10,material_or_consumable,retain_stack_10,0,77
cnr_g_opalon,src/cnr/uti/cnr_g_opalon.uti.json,CNR - Joyeria,cnr_g_opalon,cnr_g_opalon,77,gem,10,material_or_consumable,retain_stack_10,0,77
cnr_g_orblen,src/cnr/uti/cnr_g_orblen.uti.json,CNR - Joyeria,cnr_g_orblen,cnr_g_orblen,77,gem,10,material_or_consumable,retain_stack_10,0,77
cnr_g_orlo,src/cnr/uti/cnr_g_orlo.uti.json,CNR - Joyeria,cnr_g_orlo,cnr_g_orlo,77,gem,10,material_or_consumable,retain_stack_10,0,77
cnr_g_pic,src/cnr/uti/cnr_g_pic.uti.json,CNR - Joyeria,cnr_g_pic,cnr_g_pic,77,gem,10,material_or_consumable,retain_stack_10,0,77
cnr_g_rubi,src/cnr/uti/cnr_g_rubi.uti.json,CNR - Joyeria,cnr_g_rubi,cnr_g_rubi,77,gem,10,material_or_consumable,retain_stack_10,0,77
cnr_g_rubie,src/cnr/uti/cnr_g_rubie.uti.json,CNR - Joyeria,cnr_g_rubie,cnr_g_rubie,77,gem,10,material_or_consumable,retain_stack_10,0,77
cnr_g_top,src/cnr/uti/cnr_g_top.uti.json,CNR - Joyeria,cnr_g_top,cnr_g_top,77,gem,10,material_or_consumable,retain_stack_10,0,77
cnr_g_zaf,src/cnr/uti/cnr_g_zaf.uti.json,CNR - Joyeria,cnr_g_zaf,cnr_g_zaf,77,gem,10,material_or_consumable,retain_stack_10,0,77
cnr_g_zafe,src/cnr/uti/cnr_g_zafe.uti.json,CNR - Joyeria,cnr_g_zafe,cnr_g_zafe,77,gem,10,material_or_consumable,retain_stack_10,0,77
cnr_g_zafn,src/cnr/uti/cnr_g_zafn.uti.json,CNR - Joyeria,cnr_g_zafn,cnr_g_zafn,77,gem,10,material_or_consumable,retain_stack_10,0,77
cnr_g_zen,src/cnr/uti/cnr_g_zen.uti.json,CNR - Joyeria,cnr_g_zen,cnr_g_zen,77,gem,10,material_or_consumable,retain_stack_10,0,77
cnr_j_am_amar,src/cnr/uti/cnr_j_am_amar.uti.json,CNR - Joyeria,cnr_j_am_amar,cnr_j_am_amar,19,amulet,1,equipment,retain_equipment_limit,0,19
cnr_j_am_amat,src/cnr/uti/cnr_j_am_amat.uti.json,CNR - Joyeria,cnr_j_am_amat,cnr_j_am_amat,19,amulet,1,equipment,retain_equipment_limit,0,19
cnr_j_am_aza,src/cnr/uti/cnr_j_am_aza.uti.json,CNR - Joyeria,cnr_j_am_aza,cnr_j_am_aza,19,amulet,1,equipment,retain_equipment_limit,0,19
cnr_j_am_barra,src/cnr/uti/cnr_j_am_barra.uti.json,CNR - Joyeria,cnr_j_am_barra,cnr_j_am_barra,19,amulet,1,equipment,retain_equipment_limit,0,19
cnr_j_am_bel,src/cnr/uti/cnr_j_am_bel.uti.json,CNR - Joyeria,cnr_j_am_bel,cnr_j_am_bel,19,amulet,1,equipment,retain_equipment_limit,0,19
cnr_j_am_cor,src/cnr/uti/cnr_j_am_cor.uti.json,CNR - Joyeria,cnr_j_am_cor,cnr_j_am_cor,19,amulet,1,equipment,retain_equipment_limit,0,19
cnr_j_am_cuar,src/cnr/uti/cnr_j_am_cuar.uti.json,CNR - Joyeria,cnr_j_am_cuar,cnr_j_am_cuar,19,amulet,1,equipment,retain_equipment_limit,0,19
cnr_j_am_diam,src/cnr/uti/cnr_j_am_diam.uti.json,CNR - Joyeria,cnr_j_am_diam,cnr_j_am_diam,19,amulet,1,equipment,retain_equipment_limit,0,19
cnr_j_am_esme,src/cnr/uti/cnr_j_am_esme.uti.json,CNR - Joyeria,cnr_j_am_esme,cnr_j_am_esme,19,amulet,1,equipment,retain_equipment_limit,0,19
cnr_j_am_jac,src/cnr/uti/cnr_j_am_jac.uti.json,CNR - Joyeria,cnr_j_am_jac,cnr_j_am_jac,19,amulet,1,equipment,retain_equipment_limit,0,19
cnr_j_am_jade,src/cnr/uti/cnr_j_am_jade.uti.json,CNR - Joyeria,cnr_j_am_jade,cnr_j_am_jade,19,amulet,1,equipment,retain_equipment_limit,0,19
cnr_j_am_lagrey,src/cnr/uti/cnr_j_am_lagrey.uti.json,CNR - Joyeria,cnr_j_am_lagrey,cnr_j_am_lagrey,19,amulet,1,equipment,retain_equipment_limit,0,19
cnr_j_am_lagroj,src/cnr/uti/cnr_j_am_lagroj.uti.json,CNR - Joyeria,cnr_j_am_lagroj,cnr_j_am_lagroj,19,amulet,1,equipment,retain_equipment_limit,0,19
cnr_j_am_obs,src/cnr/uti/cnr_j_am_obs.uti.json,CNR - Joyeria,cnr_j_am_obs,cnr_j_am_obs,19,amulet,1,equipment,retain_equipment_limit,0,19
cnr_j_am_opalo,src/cnr/uti/cnr_j_am_opalo.uti.json,CNR - Joyeria,cnr_j_am_opalo,cnr_j_am_opalo,19,amulet,1,equipment,retain_equipment_limit,0,19
cnr_j_am_opaloa,src/cnr/uti/cnr_j_am_opaloa.uti.json,CNR - Joyeria,cnr_j_am_opaloa,cnr_j_am_opaloa,19,amulet,1,equipment,retain_equipment_limit,0,19
cnr_j_am_opalof,src/cnr/uti/cnr_j_am_opalof.uti.json,CNR - Joyeria,cnr_j_am_opalof,cnr_j_am_opalof,19,amulet,1,equipment,retain_equipment_limit,0,19
cnr_j_am_opalon,src/cnr/uti/cnr_j_am_opalon.uti.json,CNR - Joyeria,cnr_j_am_opalon,cnr_j_am_opalon,19,amulet,1,equipment,retain_equipment_limit,0,19
cnr_j_am_orblen,src/cnr/uti/cnr_j_am_orblen.uti.json,CNR - Joyeria,cnr_j_am_orblen,cnr_j_am_orblen,19,amulet,1,equipment,retain_equipment_limit,0,19
cnr_j_am_orlo,src/cnr/uti/cnr_j_am_orlo.uti.json,CNR - Joyeria,cnr_j_am_orlo,cnr_j_am_orlo,19,amulet,1,equipment,retain_equipment_limit,0,19
cnr_j_am_pic,src/cnr/uti/cnr_j_am_pic.uti.json,CNR - Joyeria,cnr_j_am_pic,cnr_j_am_pic,19,amulet,1,equipment,retain_equipment_limit,0,19
cnr_j_am_rubi,src/cnr/uti/cnr_j_am_rubi.uti.json,CNR - Joyeria,cnr_j_am_rubi,cnr_j_am_rubi,19,amulet,1,equipment,retain_equipment_limit,0,19
cnr_j_am_rubie,src/cnr/uti/cnr_j_am_rubie.uti.json,CNR - Joyeria,cnr_j_am_rubie,cnr_j_am_rubie,19,amulet,1,equipment,retain_equipment_limit,0,19
cnr_j_am_top,src/cnr/uti/cnr_j_am_top.uti.json,CNR - Joyeria,cnr_j_am_top,cnr_j_am_top,19,amulet,1,equipment,retain_equipment_limit,0,19
cnr_j_am_zaf,src/cnr/uti/cnr_j_am_zaf.uti.json,CNR - Joyeria,cnr_j_am_zaf,cnr_j_am_zaf,19,amulet,1,equipment,retain_equipment_limit,0,19
cnr_j_am_zafe,src/cnr/uti/cnr_j_am_zafe.uti.json,CNR - Joyeria,cnr_j_am_zafe,cnr_j_am_zafe,19,amulet,1,equipment,retain_equipment_limit,0,19
cnr_j_am_zafn,src/cnr/uti/cnr_j_am_zafn.uti.json,CNR - Joyeria,cnr_j_am_zafn,cnr_j_am_zafn,19,amulet,1,equipment,retain_equipment_limit,0,19
cnr_j_am_zen,src/cnr/uti/cnr_j_am_zen.uti.json,CNR - Joyeria,cnr_j_am_zen,cnr_j_am_zen,19,amulet,1,equipment,retain_equipment_limit,0,19
cnr_j_an_amar,src/cnr/uti/cnr_j_an_amar.uti.json,CNR - Joyeria,cnr_j_an_amar,cnr_j_an_amar,52,ring,1,equipment,retain_equipment_limit,0,52
cnr_j_an_amat,src/cnr/uti/cnr_j_an_amat.uti.json,CNR - Joyeria,cnr_j_an_amat,cnr_j_an_amat,52,ring,1,equipment,retain_equipment_limit,0,52
cnr_j_an_aza,src/cnr/uti/cnr_j_an_aza.uti.json,CNR - Joyeria,cnr_j_an_aza,cnr_j_an_aza,52,ring,1,equipment,retain_equipment_limit,0,52
cnr_j_an_barra,src/cnr/uti/cnr_j_an_barra.uti.json,CNR - Joyeria,cnr_j_an_barra,cnr_j_an_barra,52,ring,1,equipment,retain_equipment_limit,0,52
cnr_j_an_bel,src/cnr/uti/cnr_j_an_bel.uti.json,CNR - Joyeria,cnr_j_an_bel,cnr_j_an_bel,52,ring,1,equipment,retain_equipment_limit,0,52
cnr_j_an_cor,src/cnr/uti/cnr_j_an_cor.uti.json,CNR - Joyeria,cnr_j_an_cor,cnr_j_an_cor,52,ring,1,equipment,retain_equipment_limit,0,52
cnr_j_an_cuar,src/cnr/uti/cnr_j_an_cuar.uti.json,CNR - Joyeria,cnr_j_an_cuar,cnr_j_an_cuar,52,ring,1,equipment,retain_equipment_limit,0,52
cnr_j_an_diam,src/cnr/uti/cnr_j_an_diam.uti.json,CNR - Joyeria,cnr_j_an_diam,cnr_j_an_diam,52,ring,1,equipment,retain_equipment_limit,0,52
cnr_j_an_esme,src/cnr/uti/cnr_j_an_esme.uti.json,CNR - Joyeria,cnr_j_an_esme,cnr_j_an_esme,52,ring,1,equipment,retain_equipment_limit,0,52
cnr_j_an_jac,src/cnr/uti/cnr_j_an_jac.uti.json,CNR - Joyeria,cnr_j_an_jac,cnr_j_an_jac,52,ring,1,equipment,retain_equipment_limit,0,52
cnr_j_an_jade,src/cnr/uti/cnr_j_an_jade.uti.json,CNR - Joyeria,cnr_j_an_jade,cnr_j_an_jade,52,ring,1,equipment,retain_equipment_limit,0,52
cnr_j_an_lagrey,src/cnr/uti/cnr_j_an_lagrey.uti.json,CNR - Joyeria,cnr_j_an_lagrey,cnr_j_an_lagrey,52,ring,1,equipment,retain_equipment_limit,0,52
cnr_j_an_lagroj,src/cnr/uti/cnr_j_an_lagroj.uti.json,CNR - Joyeria,cnr_j_an_lagroj,cnr_j_an_lagroj,52,ring,1,equipment,retain_equipment_limit,0,52
cnr_j_an_obs,src/cnr/uti/cnr_j_an_obs.uti.json,CNR - Joyeria,cnr_j_an_obs,cnr_j_an_obs,52,ring,1,equipment,retain_equipment_limit,0,52
cnr_j_an_opalo,src/cnr/uti/cnr_j_an_opalo.uti.json,CNR - Joyeria,cnr_j_an_opalo,cnr_j_an_opalo,52,ring,1,equipment,retain_equipment_limit,0,52
cnr_j_an_opaloa,src/cnr/uti/cnr_j_an_opaloa.uti.json,CNR - Joyeria,cnr_j_an_opaloa,cnr_j_an_opaloa,52,ring,1,equipment,retain_equipment_limit,0,52
cnr_j_an_opalof,src/cnr/uti/cnr_j_an_opalof.uti.json,CNR - Joyeria,cnr_j_an_opalof,cnr_j_an_opalof,52,ring,1,equipment,retain_equipment_limit,0,52
cnr_j_an_opalon,src/cnr/uti/cnr_j_an_opalon.uti.json,CNR - Joyeria,cnr_j_an_opalon,cnr_j_an_opalon,52,ring,1,equipment,retain_equipment_limit,0,52
cnr_j_an_orblen,src/cnr/uti/cnr_j_an_orblen.uti.json,CNR - Joyeria,cnr_j_an_orblen,cnr_j_an_orblen,52,ring,1,equipment,retain_equipment_limit,0,52
cnr_j_an_orlo,src/cnr/uti/cnr_j_an_orlo.uti.json,CNR - Joyeria,cnr_j_an_orlo,cnr_j_an_orlo,52,ring,1,equipment,retain_equipment_limit,0,52
cnr_j_an_pic,src/cnr/uti/cnr_j_an_pic.uti.json,CNR - Joyeria,cnr_j_an_pic,cnr_j_an_pic,52,ring,1,equipment,retain_equipment_limit,0,52
cnr_j_an_rubi,src/cnr/uti/cnr_j_an_rubi.uti.json,CNR - Joyeria,cnr_j_an_rubi,cnr_j_an_rubi,52,ring,1,equipment,retain_equipment_limit,0,52
cnr_j_an_rubie,src/cnr/uti/cnr_j_an_rubie.uti.json,CNR - Joyeria,cnr_j_an_rubie,cnr_j_an_rubie,52,ring,1,equipment,retain_equipment_limit,0,52
cnr_j_an_top,src/cnr/uti/cnr_j_an_top.uti.json,CNR - Joyeria,cnr_j_an_top,cnr_j_an_top,52,ring,1,equipment,retain_equipment_limit,0,52
cnr_j_an_zaf,src/cnr/uti/cnr_j_an_zaf.uti.json,CNR - Joyeria,cnr_j_an_zaf,cnr_j_an_zaf,52,ring,1,equipment,retain_equipment_limit,0,52
cnr_j_an_zafe,src/cnr/uti/cnr_j_an_zafe.uti.json,CNR - Joyeria,cnr_j_an_zafe,cnr_j_an_zafe,52,ring,1,equipment,retain_equipment_limit,0,52
cnr_j_an_zafn,src/cnr/uti/cnr_j_an_zafn.uti.json,CNR - Joyeria,cnr_j_an_zafn,cnr_j_an_zafn,52,ring,1,equipment,retain_equipment_limit,0,52
cnr_j_an_zen,src/cnr/uti/cnr_j_an_zen.uti.json,CNR - Joyeria,cnr_j_an_zen,cnr_j_an_zen,52,ring,1,equipment,retain_equipment_limit,0,52
cnr_m_cu_bestia,src/cnr/uti/cnr_m_cu_bestia.uti.json,CNR - Peleteria,cnr_m_cu_bestia,cnr_m_cu_bestia,29,miscmedium,1,material_or_consumable,dedicated_stack_10,0,525
cnr_m_cu_bestiag,src/cnr/uti/cnr_m_cu_bestiag.uti.json,CNR - Peleteria,cnr_m_cu_bestiag,cnr_m_cu_bestiag,29,miscmedium,1,material_or_consumable,dedicated_stack_10,0,525
cnr_m_cu_dracoa,src/cnr/uti/cnr_m_cu_dracoa.uti.json,CNR - Peleteria,cnr_m_cu_dracoa,cnr_m_cu_dracoa,29,miscmedium,1,material_or_consumable,dedicated_stack_10,0,525
cnr_m_cu_dracof,src/cnr/uti/cnr_m_cu_dracof.uti.json,CNR - Peleteria,cnr_m_cu_dracof,cnr_m_cu_dracof,29,miscmedium,1,material_or_consumable,dedicated_stack_10,0,525
cnr_m_cu_dracoh,src/cnr/uti/cnr_m_cu_dracoh.uti.json,CNR - Peleteria,cnr_m_cu_dracoh,cnr_m_cu_dracoh,29,miscmedium,1,material_or_consumable,dedicated_stack_10,0,525
cnr_m_cu_dracor,src/cnr/uti/cnr_m_cu_dracor.uti.json,CNR - Peleteria,cnr_m_cu_dracor,cnr_m_cu_dracor,29,miscmedium,1,material_or_consumable,dedicated_stack_10,0,525
cnr_m_cu_herbiv,src/cnr/uti/cnr_m_cu_herbiv.uti.json,CNR - Peleteria,cnr_m_cu_herbiv,cnr_m_cu_herbiv,29,miscmedium,1,material_or_consumable,dedicated_stack_10,0,525
cnr_m_cu_mitica,src/cnr/uti/cnr_m_cu_mitica.uti.json,CNR - Peleteria,cnr_m_cu_mitica,cnr_m_cu_mitica,29,miscmedium,1,material_or_consumable,dedicated_stack_10,0,525
cnr_m_cu_miticag,src/cnr/uti/cnr_m_cu_miticag.uti.json,CNR - Peleteria,cnr_m_cu_miticag,cnr_m_cu_miticag,29,miscmedium,1,material_or_consumable,dedicated_stack_10,0,525
cnr_m_cu_roedor,src/cnr/uti/cnr_m_cu_roedor.uti.json,CNR - Peleteria,cnr_m_cu_roedor,cnr_m_cu_roedor,29,miscmedium,1,material_or_consumable,dedicated_stack_10,0,525
cnr_m_le_abeto,src/cnr/uti/cnr_m_le_abeto.uti.json,CNR - Carpinteria,cnr_m_le_abeto,cnr_m_le_abeto,307,miscmedium2,1,material_or_consumable,dedicated_stack_10,0,536
cnr_m_le_cedro,src/cnr/uti/cnr_m_le_cedro.uti.json,CNR - Carpinteria,cnr_m_le_cedro,cnr_m_le_cedro,307,miscmedium2,1,material_or_consumable,dedicated_stack_10,0,536
cnr_m_le_lenoca,src/cnr/uti/cnr_m_le_lenoca.uti.json,CNR - Carpinteria,cnr_m_le_lenoca,cnr_m_le_lenoca,307,miscmedium2,1,material_or_consumable,dedicated_stack_10,0,536
cnr_m_le_maderad,src/cnr/uti/cnr_m_le_maderad.uti.json,CNR - Carpinteria,cnr_m_le_maderad,cnr_m_le_maderad,307,miscmedium2,1,material_or_consumable,dedicated_stack_10,0,536
cnr_m_le_pino,src/cnr/uti/cnr_m_le_pino.uti.json,CNR - Carpinteria,cnr_m_le_pino,cnr_m_le_pino,307,miscmedium2,1,material_or_consumable,dedicated_stack_10,0,536
cnr_m_le_roble,src/cnr/uti/cnr_m_le_roble.uti.json,CNR - Carpinteria,cnr_m_le_roble,cnr_m_le_roble,307,miscmedium2,1,material_or_consumable,dedicated_stack_10,0,536
cnr_m_le_sombra,src/cnr/uti/cnr_m_le_sombra.uti.json,CNR - Carpinteria,cnr_m_le_sombra,cnr_m_le_sombra,307,miscmedium2,1,material_or_consumable,dedicated_stack_10,0,536
cnr_m_le_zalant,src/cnr/uti/cnr_m_le_zalant.uti.json,CNR - Carpinteria,cnr_m_le_zalant,cnr_m_le_zalant,307,miscmedium2,1,material_or_consumable,dedicated_stack_10,0,536
cnr_m_li_acero,src/cnr/uti/cnr_m_li_acero.uti.json,CNR - Herreria,cnr_m_li_acero,cnr_m_li_acero,29,miscmedium,1,material_or_consumable,dedicated_stack_10,0,525
cnr_m_li_adaman,src/cnr/uti/cnr_m_li_adaman.uti.json,CNR - Herreria,cnr_m_li_adaman,cnr_m_li_adaman,307,miscmedium2,1,material_or_consumable,dedicated_stack_10,0,536
cnr_m_li_arandur,src/cnr/uti/cnr_m_li_arandur.uti.json,CNR - Herreria,cnr_m_li_arandur,cnr_m_li_arandur,29,miscmedium,1,material_or_consumable,dedicated_stack_10,0,525
cnr_m_li_cobre,src/cnr/uti/cnr_m_li_cobre.uti.json,CNR - Herreria,cnr_m_li_cobre,cnr_m_li_cobre,29,miscmedium,1,material_or_consumable,dedicated_stack_10,0,525
cnr_m_li_dlarun,src/cnr/uti/cnr_m_li_dlarun.uti.json,CNR - Herreria,cnr_m_li_dlarun,cnr_m_li_dlarun,29,miscmedium,1,material_or_consumable,dedicated_stack_10,0,525
cnr_m_li_enardec,src/cnr/uti/cnr_m_li_enardec.uti.json,CNR - Herreria,cnr_m_li_enardec,cnr_m_li_enardec,29,miscmedium,1,material_or_consumable,dedicated_stack_10,0,525
cnr_m_li_frio,src/cnr/uti/cnr_m_li_frio.uti.json,CNR - Herreria,cnr_m_li_frio,cnr_m_li_frio,29,miscmedium,1,material_or_consumable,dedicated_stack_10,0,525
cnr_m_li_hierro,src/cnr/uti/cnr_m_li_hierro.uti.json,CNR - Herreria,cnr_m_li_hierro,cnr_m_li_hierro,29,miscmedium,1,material_or_consumable,dedicated_stack_10,0,525
cnr_m_li_hizag,src/cnr/uti/cnr_m_li_hizag.uti.json,CNR - Herreria,cnr_m_li_hizag,cnr_m_li_hizag,29,miscmedium,1,material_or_consumable,dedicated_stack_10,0,525
cnr_m_li_mithril,src/cnr/uti/cnr_m_li_mithril.uti.json,CNR - Herreria,cnr_m_li_mithril,cnr_m_li_mithril,29,miscmedium,1,material_or_consumable,dedicated_stack_10,0,525
cnr_m_li_oro,src/cnr/uti/cnr_m_li_oro.uti.json,CNR - Herreria,cnr_m_li_oro,cnr_m_li_oro,29,miscmedium,1,material_or_consumable,dedicated_stack_10,0,525
cnr_m_li_oscuro,src/cnr/uti/cnr_m_li_oscuro.uti.json,CNR - Herreria,cnr_m_li_oscuro,cnr_m_li_oscuro,29,miscmedium,1,material_or_consumable,dedicated_stack_10,0,525
cnr_m_li_plata,src/cnr/uti/cnr_m_li_plata.uti.json,CNR - Herreria,cnr_m_li_plata,cnr_m_li_plata,29,miscmedium,1,material_or_consumable,dedicated_stack_10,0,525
cnr_m_li_platino,src/cnr/uti/cnr_m_li_platino.uti.json,CNR - Herreria,cnr_m_li_platino,cnr_m_li_platino,29,miscmedium,1,material_or_consumable,dedicated_stack_10,0,525
cnr_m_li_vivo,src/cnr/uti/cnr_m_li_vivo.uti.json,CNR - Herreria,cnr_m_li_vivo,cnr_m_li_vivo,29,miscmedium,1,material_or_consumable,dedicated_stack_10,0,525
cnr_m_pe_acero,src/cnr/uti/cnr_m_pe_acero.uti.json,CNR - Herreria,cnr_m_pe_acero,cnr_m_pe_acero,307,miscmedium2,1,material_or_consumable,dedicated_stack_10,0,536
cnr_m_pe_adaman,src/cnr/uti/cnr_m_pe_adaman.uti.json,CNR - Herreria,cnr_m_pe_adaman,cnr_m_pe_adaman,307,miscmedium2,1,material_or_consumable,dedicated_stack_10,0,536
cnr_m_pe_arandur,src/cnr/uti/cnr_m_pe_arandur.uti.json,CNR - Herreria,cnr_m_pe_arandur,cnr_m_pe_arandur,307,miscmedium2,1,material_or_consumable,dedicated_stack_10,0,536
cnr_m_pe_carbon,src/cnr/uti/cnr_m_pe_carbon.uti.json,CNR - Herreria,cnr_m_pe_carbon,cnr_m_pe_carbon,307,miscmedium2,1,material_or_consumable,dedicated_stack_10,0,536
cnr_m_pe_cobre,src/cnr/uti/cnr_m_pe_cobre.uti.json,CNR - Herreria,cnr_m_pe_cobre,cnr_m_pe_cobre,307,miscmedium2,1,material_or_consumable,dedicated_stack_10,0,536
cnr_m_pe_dlarun,src/cnr/uti/cnr_m_pe_dlarun.uti.json,CNR - Herreria,cnr_m_pe_dlarun,cnr_m_pe_dlarun,307,miscmedium2,1,material_or_consumable,dedicated_stack_10,0,536
cnr_m_pe_enardec,src/cnr/uti/cnr_m_pe_enardec.uti.json,CNR - Herreria,cnr_m_pe_enardec,cnr_m_pe_enardec,307,miscmedium2,1,material_or_consumable,dedicated_stack_10,0,536
cnr_m_pe_frio,src/cnr/uti/cnr_m_pe_frio.uti.json,CNR - Herreria,cnr_m_pe_frio,cnr_m_pe_frio,307,miscmedium2,1,material_or_consumable,dedicated_stack_10,0,536
cnr_m_pe_hierro,src/cnr/uti/cnr_m_pe_hierro.uti.json,CNR - Herreria,cnr_m_pe_hierro,cnr_m_pe_hierro,307,miscmedium2,1,material_or_consumable,dedicated_stack_10,0,536
cnr_m_pe_hizag,src/cnr/uti/cnr_m_pe_hizag.uti.json,CNR - Herreria,cnr_m_pe_hizag,cnr_m_pe_hizag,307,miscmedium2,1,material_or_consumable,dedicated_stack_10,0,536
cnr_m_pe_mithril,src/cnr/uti/cnr_m_pe_mithril.uti.json,CNR - Herreria,cnr_m_pe_mithril,cnr_m_pe_mithril,307,miscmedium2,1,material_or_consumable,dedicated_stack_10,0,536
cnr_m_pe_oro,src/cnr/uti/cnr_m_pe_oro.uti.json,CNR - Herreria,cnr_m_pe_oro,cnr_m_pe_oro,307,miscmedium2,1,material_or_consumable,dedicated_stack_10,0,536
cnr_m_pe_oscuro,src/cnr/uti/cnr_m_pe_oscuro.uti.json,CNR - Herreria,cnr_m_pe_oscuro,cnr_m_pe_oscuro,307,miscmedium2,1,material_or_consumable,dedicated_stack_10,0,536
cnr_m_pe_plata,src/cnr/uti/cnr_m_pe_plata.uti.json,CNR - Herreria,cnr_m_pe_plata,cnr_m_pe_plata,307,miscmedium2,1,material_or_consumable,dedicated_stack_10,0,536
cnr_m_pe_platino,src/cnr/uti/cnr_m_pe_platino.uti.json,CNR - Herreria,cnr_m_pe_platino,cnr_m_pe_platino,307,miscmedium2,1,material_or_consumable,dedicated_stack_10,0,536
cnr_m_pe_vivo,src/cnr/uti/cnr_m_pe_vivo.uti.json,CNR - Herreria,cnr_m_pe_vivo,cnr_m_pe_vivo,307,miscmedium2,1,material_or_consumable,dedicated_stack_10,0,536
cnr_m_pi_bestia,src/cnr/uti/cnr_m_pi_bestia.uti.json,CNR - Peleteria,cnr_m_pi_bestia,cnr_m_pi_bestia,307,miscmedium2,1,material_or_consumable,dedicated_stack_10,0,536
cnr_m_pi_bestiag,src/cnr/uti/cnr_m_pi_bestiag.uti.json,CNR - Peleteria,cnr_m_pi_bestiag,cnr_m_pi_bestiag,307,miscmedium2,1,material_or_consumable,dedicated_stack_10,0,536
cnr_m_pi_dracoa,src/cnr/uti/cnr_m_pi_dracoa.uti.json,CNR - Peleteria,cnr_m_pi_dracoa,cnr_m_pi_dracoa,307,miscmedium2,1,material_or_consumable,dedicated_stack_10,0,536
cnr_m_pi_dracof,src/cnr/uti/cnr_m_pi_dracof.uti.json,CNR - Peleteria,cnr_m_pi_dracof,cnr_m_pi_dracof,307,miscmedium2,1,material_or_consumable,dedicated_stack_10,0,536
cnr_m_pi_dracoh,src/cnr/uti/cnr_m_pi_dracoh.uti.json,CNR - Peleteria,cnr_m_pi_dracoh,cnr_m_pi_dracoh,307,miscmedium2,1,material_or_consumable,dedicated_stack_10,0,536
cnr_m_pi_dracor,src/cnr/uti/cnr_m_pi_dracor.uti.json,CNR - Peleteria,cnr_m_pi_dracor,cnr_m_pi_dracor,307,miscmedium2,1,material_or_consumable,dedicated_stack_10,0,536
cnr_m_pi_herbiv,src/cnr/uti/cnr_m_pi_herbiv.uti.json,CNR - Peleteria,cnr_m_pi_herbiv,cnr_m_pi_herbiv,307,miscmedium2,1,material_or_consumable,dedicated_stack_10,0,536
cnr_m_pi_mitica,src/cnr/uti/cnr_m_pi_mitica.uti.json,CNR - Peleteria,cnr_m_pi_mitica,cnr_m_pi_mitica,307,miscmedium2,1,material_or_consumable,dedicated_stack_10,0,536
cnr_m_pi_miticag,src/cnr/uti/cnr_m_pi_miticag.uti.json,CNR - Peleteria,cnr_m_pi_miticag,cnr_m_pi_miticag,307,miscmedium2,1,material_or_consumable,dedicated_stack_10,0,536
cnr_m_pi_roedor,src/cnr/uti/cnr_m_pi_roedor.uti.json,CNR - Peleteria,cnr_m_pi_roedor,cnr_m_pi_roedor,307,miscmedium2,1,material_or_consumable,dedicated_stack_10,0,536
cnr_m_ta_abeto,src/cnr/uti/cnr_m_ta_abeto.uti.json,CNR - Carpinteria,cnr_m_ta_abeto,cnr_m_ta_abeto,307,miscmedium2,1,material_or_consumable,dedicated_stack_10,0,536
cnr_m_ta_cedro,src/cnr/uti/cnr_m_ta_cedro.uti.json,CNR - Carpinteria,cnr_m_ta_cedro,cnr_m_ta_cedro,29,miscmedium,1,material_or_consumable,dedicated_stack_10,0,525
cnr_m_ta_lenoca,src/cnr/uti/cnr_m_ta_lenoca.uti.json,CNR - Carpinteria,cnr_m_ta_lenoca,cnr_m_ta_lenoca,307,miscmedium2,1,material_or_consumable,dedicated_stack_10,0,536
cnr_m_ta_maderad,src/cnr/uti/cnr_m_ta_maderad.uti.json,CNR - Carpinteria,cnr_m_ta_maderad,cnr_m_ta_maderad,307,miscmedium2,1,material_or_consumable,dedicated_stack_10,0,536
cnr_m_ta_pino,src/cnr/uti/cnr_m_ta_pino.uti.json,CNR - Carpinteria,cnr_m_ta_pino,cnr_m_ta_pino,29,miscmedium,1,material_or_consumable,dedicated_stack_10,0,525
cnr_m_ta_roble,src/cnr/uti/cnr_m_ta_roble.uti.json,CNR - Carpinteria,cnr_m_ta_roble,cnr_m_ta_roble,307,miscmedium2,1,material_or_consumable,dedicated_stack_10,0,536
cnr_m_ta_sombra,src/cnr/uti/cnr_m_ta_sombra.uti.json,CNR - Carpinteria,cnr_m_ta_sombra,cnr_m_ta_sombra,307,miscmedium2,1,material_or_consumable,dedicated_stack_10,0,536
cnr_m_ta_zalant,src/cnr/uti/cnr_m_ta_zalant.uti.json,CNR - Carpinteria,cnr_m_ta_zalant,cnr_m_ta_zalant,307,miscmedium2,1,material_or_consumable,dedicated_stack_10,0,536
cnr_p_aceite,src/cnr/uti/cnr_p_aceite.uti.json,CNR - Herreria,cnr_p_aceite,cnr_p_aceite,79,miscthin,1,material_or_consumable,dedicated_stack_10,2,530
cnr_p_ar_cobre,src/cnr/uti/cnr_p_ar_cobre.uti.json,CNR - Joyeria,cnr_p_ar_cobre,cnr_p_ar_cobre,52,ring,1,equipment,retain_equipment_limit,0,52
cnr_p_ar_oro,src/cnr/uti/cnr_p_ar_oro.uti.json,CNR - Joyeria,cnr_p_ar_oro,cnr_p_ar_oro,52,ring,1,equipment,retain_equipment_limit,0,52
cnr_p_ar_platino,src/cnr/uti/cnr_p_ar_platino.uti.json,CNR - Joyeria,cnr_p_ar_platino,cnr_p_ar_platino,52,ring,1,equipment,retain_equipment_limit,0,52
cnr_p_ardor,src/cnr/uti/cnr_p_ardor.uti.json,CNR - Alquimia,cnr_p_ardor,cnr_p_ardor,24,miscsmall,1,material_or_consumable,dedicated_stack_10,0,523
cnr_p_aroshierro,src/cnr/uti/cnr_p_aroshierro.uti.json,CNR - Carpinteria,cnr_p_aroshierro,cnr_p_aroshierro,24,miscsmall,1,material_or_consumable,dedicated_stack_10,1,523
cnr_p_baya,src/cnr/uti/cnr_p_baya.uti.json,CNR - Alquimia,cnr_p_baya,cnr_p_baya,24,miscsmall,1,material_or_consumable,dedicated_stack_10,0,523
cnr_p_botella,src/cnr/uti/cnr_p_botella.uti.json,CNR - Alquimia,cnr_p_botella,cnr_p_botella,101,empty_potion,1,material_or_consumable,dedicated_stack_10,6,531
cnr_p_brisa,src/cnr/uti/cnr_p_brisa.uti.json,CNR - Alquimia,cnr_p_brisa,cnr_p_brisa,24,miscsmall,1,material_or_consumable,dedicated_stack_10,0,523
cnr_p_ca_cobre,src/cnr/uti/cnr_p_ca_cobre.uti.json,CNR - Joyeria,cnr_p_ca_cobre,cnr_p_ca_cobre,19,amulet,1,equipment,retain_equipment_limit,0,19
cnr_p_ca_oro,src/cnr/uti/cnr_p_ca_oro.uti.json,CNR - Joyeria,cnr_p_ca_oro,cnr_p_ca_oro,19,amulet,1,equipment,retain_equipment_limit,0,19
cnr_p_ca_platino,src/cnr/uti/cnr_p_ca_platino.uti.json,CNR - Joyeria,cnr_p_ca_platino,cnr_p_ca_platino,19,amulet,1,equipment,retain_equipment_limit,0,19
cnr_p_ci_cobre,src/cnr/uti/cnr_p_ci_cobre.uti.json,CNR - Joyeria,cnr_p_ci_cobre,cnr_p_ci_cobre,29,miscmedium,1,material_or_consumable,dedicated_stack_10,1,525
cnr_p_ci_oro,src/cnr/uti/cnr_p_ci_oro.uti.json,CNR - Joyeria,cnr_p_ci_oro,cnr_p_ci_oro,29,miscmedium,1,material_or_consumable,dedicated_stack_10,1,525
cnr_p_ci_platino,src/cnr/uti/cnr_p_ci_platino.uti.json,CNR - Joyeria,cnr_p_ci_platino,cnr_p_ci_platino,29,miscmedium,1,material_or_consumable,dedicated_stack_10,1,525
cnr_p_correas,src/cnr/uti/cnr_p_correas.uti.json,CNR - Peleteria,cnr_p_correas,cnr_p_correas,29,miscmedium,1,material_or_consumable,dedicated_stack_10,1,525
cnr_p_cuerdaarco,src/cnr/uti/cnr_p_cuerdaarco.uti.json,CNR - Carpinteria,cnr_p_cuerdaarco,cnr_p_cuerdaarco,29,miscmedium,1,material_or_consumable,dedicated_stack_10,1,525
cnr_p_cuerdabal,src/cnr/uti/cnr_p_cuerdabal.uti.json,CNR - Carpinteria,cnr_p_cuerdabal,cnr_p_cuerdabal,29,miscmedium,1,material_or_consumable,dedicated_stack_10,1,525
cnr_p_esencinv,src/cnr/uti/cnr_p_esencinv.uti.json,CNR - Alquimia,cnr_p_esencinv,cnr_p_esencinv,311,miscsmall2,1,material_or_consumable,dedicated_stack_10,0,537
cnr_p_especia,src/cnr/uti/cnr_p_especia.uti.json,CNR - Alquimia,cnr_p_especia,cnr_p_especia,311,miscsmall2,1,material_or_consumable,dedicated_stack_10,0,537
cnr_p_flor,src/cnr/uti/cnr_p_flor.uti.json,CNR - Alquimia,cnr_p_flor,cnr_p_flor,24,miscsmall,1,material_or_consumable,dedicated_stack_10,0,523
cnr_p_fruto,src/cnr/uti/cnr_p_fruto.uti.json,CNR - Alquimia,cnr_p_fruto,cnr_p_fruto,24,miscsmall,1,material_or_consumable,dedicated_stack_10,0,523
cnr_p_humo,src/cnr/uti/cnr_p_humo.uti.json,CNR - Alquimia,cnr_p_humo,cnr_p_humo,311,miscsmall2,1,material_or_consumable,dedicated_stack_10,0,537
cnr_p_limo,src/cnr/uti/cnr_p_limo.uti.json,CNR - Alquimia,cnr_p_limo,cnr_p_limo,311,miscsmall2,1,material_or_consumable,dedicated_stack_10,0,537
cnr_p_mangoclava,src/cnr/uti/cnr_p_mangoclava.uti.json,CNR - Carpinteria,cnr_p_mangoclava,cnr_p_mangoclava,29,miscmedium,1,material_or_consumable,dedicated_stack_10,1,525
cnr_p_pasta,src/cnr/uti/cnr_p_pasta.uti.json,CNR - Alquimia,cnr_p_pasta,cnr_p_pasta,311,miscsmall2,1,material_or_consumable,dedicated_stack_10,0,537
cnr_p_picada,src/cnr/uti/cnr_p_picada.uti.json,CNR - Alquimia,cnr_p_picada,cnr_p_picada,311,miscsmall2,1,material_or_consumable,dedicated_stack_10,0,537
cnr_p_planchagra,src/cnr/uti/cnr_p_planchagra.uti.json,CNR - Carpinteria,cnr_p_planchagra,cnr_p_planchagra,29,miscmedium,1,material_or_consumable,dedicated_stack_10,1,525
cnr_p_planchapeq,src/cnr/uti/cnr_p_planchapeq.uti.json,CNR - Carpinteria,cnr_p_planchapeq,cnr_p_planchapeq,24,miscsmall,1,material_or_consumable,dedicated_stack_10,1,523
cnr_p_plumas,src/cnr/uti/cnr_p_plumas.uti.json,CNR - Carpinteria,cnr_p_plumas,cnr_p_plumas,24,miscsmall,1,material_or_consumable,dedicated_stack_10,1,523
cnr_p_po_amat,src/cnr/uti/cnr_p_po_amat.uti.json,CNR - Joyeria,cnr_p_po_amat,cnr_p_po_amat,311,miscsmall2,1,material_or_consumable,dedicated_stack_10,0,537
cnr_p_po_aza,src/cnr/uti/cnr_p_po_aza.uti.json,CNR - Joyeria,cnr_p_po_aza,cnr_p_po_aza,311,miscsmall2,1,material_or_consumable,dedicated_stack_10,0,537
cnr_p_po_cuar,src/cnr/uti/cnr_p_po_cuar.uti.json,CNR - Joyeria,cnr_p_po_cuar,cnr_p_po_cuar,311,miscsmall2,1,material_or_consumable,dedicated_stack_10,0,537
cnr_p_po_diam,src/cnr/uti/cnr_p_po_diam.uti.json,CNR - Joyeria,cnr_p_po_diam,cnr_p_po_diam,311,miscsmall2,1,material_or_consumable,dedicated_stack_10,1,537
cnr_p_po_obs,src/cnr/uti/cnr_p_po_obs.uti.json,CNR - Joyeria,cnr_p_po_obs,cnr_p_po_obs,311,miscsmall2,1,material_or_consumable,dedicated_stack_10,0,537
cnr_p_po_rubi,src/cnr/uti/cnr_p_po_rubi.uti.json,CNR - Joyeria,cnr_p_po_rubi,cnr_p_po_rubi,311,miscsmall2,1,material_or_consumable,dedicated_stack_10,0,537
cnr_p_po_top,src/cnr/uti/cnr_p_po_top.uti.json,CNR - Joyeria,cnr_p_po_top,cnr_p_po_top,311,miscsmall2,1,material_or_consumable,dedicated_stack_10,0,537
cnr_p_po_zaf,src/cnr/uti/cnr_p_po_zaf.uti.json,CNR - Joyeria,cnr_p_po_zaf,cnr_p_po_zaf,311,miscsmall2,1,material_or_consumable,dedicated_stack_10,0,537
cnr_p_puntasfle,src/cnr/uti/cnr_p_puntasfle.uti.json,CNR - Carpinteria,cnr_p_puntasfle,cnr_p_puntasfle,24,miscsmall,1,material_or_consumable,dedicated_stack_10,1,523
cnr_p_puntasvir,src/cnr/uti/cnr_p_puntasvir.uti.json,CNR - Carpinteria,cnr_p_puntasvir,cnr_p_puntasvir,24,miscsmall,1,material_or_consumable,dedicated_stack_10,1,523
cnr_p_raiz,src/cnr/uti/cnr_p_raiz.uti.json,CNR - Alquimia,cnr_p_raiz,cnr_p_raiz,24,miscsmall,1,material_or_consumable,dedicated_stack_10,0,523
cnr_p_resina,src/cnr/uti/cnr_p_resina.uti.json,CNR - Alquimia,cnr_p_resina,cnr_p_resina,24,miscsmall,1,material_or_consumable,dedicated_stack_10,0,523
cnr_p_sal,src/cnr/uti/cnr_p_sal.uti.json,CNR - Peleteria,cnr_p_sal,cnr_p_sal,307,miscmedium2,1,material_or_consumable,dedicated_stack_10,1,536
cnr_p_seda,src/cnr/uti/cnr_p_seda.uti.json,CNR - Peleteria,cnr_p_seda,cnr_p_seda,212,miscmedium3,1,material_or_consumable,dedicated_stack_10,1,533
cnr_p_seta,src/cnr/uti/cnr_p_seta.uti.json,CNR - Alquimia,cnr_p_seta,cnr_p_seta,24,miscsmall,1,material_or_consumable,dedicated_stack_10,0,523
cnr_p_tachones,src/cnr/uti/cnr_p_tachones.uti.json,CNR - Peleteria,cnr_p_tachones,cnr_p_tachones,24,miscsmall,1,material_or_consumable,dedicated_stack_10,1,523
cnr_p_tachonref,src/cnr/uti/cnr_p_tachonref.uti.json,CNR - Peleteria,cnr_p_tachonref,cnr_p_tachonref,24,miscsmall,1,material_or_consumable,dedicated_stack_10,1,523
cnr_p_tanino,src/cnr/uti/cnr_p_tanino.uti.json,CNR - Peleteria,cnr_p_tanino,cnr_p_tanino,79,miscthin,1,material_or_consumable,dedicated_stack_10,1,530
cnr_p_virutas,src/cnr/uti/cnr_p_virutas.uti.json,CNR - Alquimia,cnr_p_virutas,cnr_p_virutas,24,miscsmall,1,material_or_consumable,dedicated_stack_10,0,523
cnr_p_zumo,src/cnr/uti/cnr_p_zumo.uti.json,CNR - Alquimia,cnr_p_zumo,cnr_p_zumo,311,miscsmall2,1,material_or_consumable,dedicated_stack_10,0,537
cnr_q_amar,src/cnr/uti/cnr_q_amar.uti.json,CNR - Joyeria,cnr_q_amar,cnr_q_amar,77,gem,10,material_or_consumable,retain_stack_10,0,77
cnr_q_amat,src/cnr/uti/cnr_q_amat.uti.json,CNR - Joyeria,cnr_q_amat,cnr_q_amat,77,gem,10,material_or_consumable,retain_stack_10,0,77
cnr_q_aza,src/cnr/uti/cnr_q_aza.uti.json,CNR - Joyeria,cnr_q_aza,cnr_q_aza,77,gem,10,material_or_consumable,retain_stack_10,0,77
cnr_q_barra,src/cnr/uti/cnr_q_barra.uti.json,CNR - Joyeria,cnr_q_barra,cnr_q_barra,77,gem,10,material_or_consumable,retain_stack_10,0,77
cnr_q_bel,src/cnr/uti/cnr_q_bel.uti.json,CNR - Joyeria,cnr_q_bel,cnr_q_bel,77,gem,10,material_or_consumable,retain_stack_10,0,77
cnr_q_cor,src/cnr/uti/cnr_q_cor.uti.json,CNR - Joyeria,cnr_q_cor,cnr_q_cor,77,gem,10,material_or_consumable,retain_stack_10,0,77
cnr_q_cuar,src/cnr/uti/cnr_q_cuar.uti.json,CNR - Joyeria,cnr_q_cuar,cnr_q_cuar,77,gem,10,material_or_consumable,retain_stack_10,0,77
cnr_q_diam,src/cnr/uti/cnr_q_diam.uti.json,CNR - Joyeria,cnr_q_diam,cnr_q_diam,77,gem,10,material_or_consumable,retain_stack_10,0,77
cnr_q_esme,src/cnr/uti/cnr_q_esme.uti.json,CNR - Joyeria,cnr_q_esme,cnr_q_esme,77,gem,10,material_or_consumable,retain_stack_10,0,77
cnr_q_jac,src/cnr/uti/cnr_q_jac.uti.json,CNR - Joyeria,cnr_q_jac,cnr_q_jac,77,gem,10,material_or_consumable,retain_stack_10,0,77
cnr_q_jade,src/cnr/uti/cnr_q_jade.uti.json,CNR - Joyeria,cnr_q_jade,cnr_q_jade,77,gem,10,material_or_consumable,retain_stack_10,0,77
cnr_q_lagrey,src/cnr/uti/cnr_q_lagrey.uti.json,CNR - Joyeria,cnr_q_lagrey,cnr_q_lagrey,77,gem,10,material_or_consumable,retain_stack_10,0,77
cnr_q_lagroj,src/cnr/uti/cnr_q_lagroj.uti.json,CNR - Joyeria,cnr_q_lagroj,cnr_q_lagroj,77,gem,10,material_or_consumable,retain_stack_10,0,77
cnr_q_obs,src/cnr/uti/cnr_q_obs.uti.json,CNR - Joyeria,cnr_q_obs,cnr_q_obs,77,gem,10,material_or_consumable,retain_stack_10,0,77
cnr_q_opalo,src/cnr/uti/cnr_q_opalo.uti.json,CNR - Joyeria,cnr_q_opalo,cnr_q_opalo,77,gem,10,material_or_consumable,retain_stack_10,0,77
cnr_q_opaloa,src/cnr/uti/cnr_q_opaloa.uti.json,CNR - Joyeria,cnr_q_opaloa,cnr_q_opaloa,77,gem,10,material_or_consumable,retain_stack_10,0,77
cnr_q_opalof,src/cnr/uti/cnr_q_opalof.uti.json,CNR - Joyeria,cnr_q_opalof,cnr_q_opalof,77,gem,10,material_or_consumable,retain_stack_10,0,77
cnr_q_opalon,src/cnr/uti/cnr_q_opalon.uti.json,CNR - Joyeria,cnr_q_opalon,cnr_q_opalon,77,gem,10,material_or_consumable,retain_stack_10,0,77
cnr_q_orblen,src/cnr/uti/cnr_q_orblen.uti.json,CNR - Joyeria,cnr_q_orblen,cnr_q_orblen,77,gem,10,material_or_consumable,retain_stack_10,0,77
cnr_q_orlo,src/cnr/uti/cnr_q_orlo.uti.json,CNR - Joyeria,cnr_q_orlo,cnr_q_orlo,77,gem,10,material_or_consumable,retain_stack_10,0,77
cnr_q_pic,src/cnr/uti/cnr_q_pic.uti.json,CNR - Joyeria,cnr_q_pic,cnr_q_pic,77,gem,10,material_or_consumable,retain_stack_10,0,77
cnr_q_rubi,src/cnr/uti/cnr_q_rubi.uti.json,CNR - Joyeria,cnr_q_rubi,cnr_q_rubi,77,gem,10,material_or_consumable,retain_stack_10,0,77
cnr_q_rubie,src/cnr/uti/cnr_q_rubie.uti.json,CNR - Joyeria,cnr_q_rubie,cnr_q_rubie,77,gem,10,material_or_consumable,retain_stack_10,0,77
cnr_q_top,src/cnr/uti/cnr_q_top.uti.json,CNR - Joyeria,cnr_q_top,cnr_q_top,77,gem,10,material_or_consumable,retain_stack_10,0,77
cnr_q_zaf,src/cnr/uti/cnr_q_zaf.uti.json,CNR - Joyeria,cnr_q_zaf,cnr_q_zaf,77,gem,10,material_or_consumable,retain_stack_10,0,77
cnr_q_zafe,src/cnr/uti/cnr_q_zafe.uti.json,CNR - Joyeria,cnr_q_zafe,cnr_q_zafe,77,gem,10,material_or_consumable,retain_stack_10,0,77
cnr_q_zafn,src/cnr/uti/cnr_q_zafn.uti.json,CNR - Joyeria,cnr_q_zafn,cnr_q_zafn,77,gem,10,material_or_consumable,retain_stack_10,0,77
cnr_q_zen,src/cnr/uti/cnr_q_zen.uti.json,CNR - Joyeria,cnr_q_zen,cnr_q_zen,77,gem,10,material_or_consumable,retain_stack_10,0,77
cnr_t_aguja,src/cnr/uti/cnr_t_aguja.uti.json,CNR - Peleteria,cnr_t_aguja,cnr_t_aguja,0,shortsword,1,tool,dedicated_stack_10,1,520
cnr_t_aguja_peq,src/cnr/uti/cnr_t_aguja_peq.uti.json,CNR - Peleteria,cnr_t_aguja,cnr_t_aguja_peq,22,dagger,1,tool,dedicated_stack_10,1,522
cnr_t_desol_gran,src/cnr/uti/cnr_t_desol_gran.uti.json,CNR - Peleteria,cnr_t_desollador,cnr_t_desollador,0,shortsword,1,tool,dedicated_stack_10,1,520
cnr_t_desollador,src/cnr/uti/cnr_t_desollador.uti.json,CNR - Peleteria,cnr_t_desollador,cnr_t_desollador,22,dagger,1,tool,dedicated_stack_10,1,522
cnr_t_gu_alquim,src/cnr/uti/cnr_t_gu_alquim.uti.json,CNR - Alquimia,cnr_t_gu_alquim,cnr_t_gu_alquim,36,gloves,1,tool,dedicated_stack_10,1,526
cnr_t_gu_cocina,src/cnr/uti/cnr_t_gu_cocina.uti.json,CNR - Alquimia,cnr_t_gu_cocina,cnr_t_gu_cocina,36,gloves,1,tool,dedicated_stack_10,1,526
cnr_t_gu_fundid,src/cnr/uti/cnr_t_gu_fundid.uti.json,CNR - Herreria,cnr_t_gu_fundid,cnr_t_gu_fundid,36,gloves,1,tool,dedicated_stack_10,1,526
cnr_t_kit_carp,src/cnr/uti/cnr_t_kit_carp.uti.json,CNR - Carpinteria,cnr_t_kit_carp,cnr_t_kit_carp,29,miscmedium,1,tool,dedicated_stack_10,1,525
cnr_t_kit_cuero,src/cnr/uti/cnr_t_kit_cuero.uti.json,CNR - Peleteria,cnr_t_kit_cuero,cnr_t_kit_cuero,29,miscmedium,1,tool,dedicated_stack_10,1,525
cnr_t_kit_orfeb,src/cnr/uti/cnr_t_kit_orfeb.uti.json,,cnr_t_kit_orfeb,cnr_t_kit_orfeb,29,miscmedium,1,tool,dedicated_stack_10,1,525
cnr_t_kit_sastre,src/cnr/uti/cnr_t_kit_sastre.uti.json,CNR - Sastreria,cnr_t_kit_sastre,cnr_t_kit_sastre,29,miscmedium,1,tool,dedicated_stack_10,1,525
cnr_t_kit_serr,src/cnr/uti/cnr_t_kit_serr.uti.json,CNR - Carpinteria,cnr_t_kit_serr,cnr_t_kit_serr,29,miscmedium,1,tool,dedicated_stack_10,1,525
cnr_t_martlig_2,src/cnr/uti/cnr_t_martlig_2.uti.json,CNR - Herreria,cnr_t_martligero,cnr_t_martlig_2,37,lighthammer,1,tool,dedicated_stack_10,0,527
cnr_t_martlig_3,src/cnr/uti/cnr_t_martlig_3.uti.json,CNR - Herreria,cnr_t_martligero,cnr_t_martlig_3,37,lighthammer,1,tool,dedicated_stack_10,0,527
cnr_t_martlig_4,src/cnr/uti/cnr_t_martlig_4.uti.json,CNR - Herreria,cnr_t_martligero,cnr_t_martlig_4,37,lighthammer,1,tool,dedicated_stack_10,0,527
cnr_t_martligero,src/cnr/uti/cnr_t_martligero.uti.json,CNR - Herreria,cnr_t_martligero,cnr_t_martligero,37,lighthammer,1,tool,dedicated_stack_10,1,527
cnr_t_mo_arma,src/cnr/uti/cnr_t_mo_arma.uti.json,CNR - Herreria,cnr_t_mo_arma,cnr_t_mo_arma,307,miscmedium2,1,tool,dedicated_stack_10,1,536
cnr_t_mo_armcomp,src/cnr/uti/cnr_t_mo_armcomp.uti.json,CNR - Herreria,cnr_t_mo_armcomp,cnr_t_mo_armcomp,307,miscmedium2,1,tool,dedicated_stack_10,1,536
cnr_t_mo_aro,src/cnr/uti/cnr_t_mo_aro.uti.json,CNR - Joyeria,cnr_t_mo_aro,cnr_t_mo_aro,307,miscmedium2,1,tool,dedicated_stack_10,1,536
cnr_t_mo_bala,src/cnr/uti/cnr_t_mo_bala.uti.json,CNR - Herreria,cnr_t_mo_bala,cnr_t_mo_bala,307,miscmedium2,1,tool,dedicated_stack_10,1,536
cnr_t_mo_cadena,src/cnr/uti/cnr_t_mo_cadena.uti.json,CNR - Joyeria,cnr_t_mo_cadena,cnr_t_mo_cadena,307,miscmedium2,1,tool,dedicated_stack_10,1,536
cnr_t_mo_escamas,src/cnr/uti/cnr_t_mo_escamas.uti.json,CNR - Herreria,cnr_t_mo_escamas,cnr_t_mo_escamas,307,miscmedium2,1,tool,dedicated_stack_10,1,536
cnr_t_mo_escgra,src/cnr/uti/cnr_t_mo_escgra.uti.json,CNR - Herreria,cnr_t_mo_escgra,cnr_t_mo_escgra,307,miscmedium2,1,tool,dedicated_stack_10,1,536
cnr_t_mo_escpav,src/cnr/uti/cnr_t_mo_escpav.uti.json,CNR - Herreria,cnr_t_mo_escpav,cnr_t_mo_escpav,307,miscmedium2,1,tool,dedicated_stack_10,1,536
cnr_t_mo_escpeq,src/cnr/uti/cnr_t_mo_escpeq.uti.json,CNR - Herreria,cnr_t_mo_escpeq,cnr_t_mo_escpeq,307,miscmedium2,1,tool,dedicated_stack_10,1,536
cnr_t_mo_yelmo,src/cnr/uti/cnr_t_mo_yelmo.uti.json,CNR - Herreria,cnr_t_mo_yelmo,cnr_t_mo_yelmo,307,miscmedium2,1,tool,dedicated_stack_10,1,536
cnr_t_pl_armad,src/cnr/uti/cnr_t_pl_armad.uti.json,CNR - Peleteria,cnr_t_pl_armad,cnr_t_pl_armad,29,miscmedium,1,tool,dedicated_stack_10,1,525
cnr_t_pl_botas,src/cnr/uti/cnr_t_pl_botas.uti.json,CNR - Peleteria,cnr_t_pl_botas,cnr_t_pl_botas,29,miscmedium,1,tool,dedicated_stack_10,1,525
cnr_t_pl_braz,src/cnr/uti/cnr_t_pl_braz.uti.json,CNR - Sastreria,cnr_t_pl_braz,cnr_t_pl_braz,29,miscmedium,1,tool,dedicated_stack_10,1,525
cnr_t_pl_capa,src/cnr/uti/cnr_t_pl_capa.uti.json,CNR - Sastreria,cnr_t_pl_capa,cnr_t_pl_capa,29,miscmedium,1,tool,dedicated_stack_10,1,525
cnr_t_pl_cinto,src/cnr/uti/cnr_t_pl_cinto.uti.json,CNR - Peleteria,cnr_t_pl_cinto,cnr_t_pl_cinto,29,miscmedium,1,tool,dedicated_stack_10,1,525
cnr_t_pl_guantes,src/cnr/uti/cnr_t_pl_guantes.uti.json,CNR - Peleteria,cnr_t_pl_guantes,cnr_t_pl_guantes,29,miscmedium,1,tool,dedicated_stack_10,1,525
cnr_t_sierra,src/cnr/uti/cnr_t_sierra.uti.json,CNR - Carpinteria,cnr_t_sierra,cnr_t_sierra,29,miscmedium,1,tool,dedicated_stack_10,1,525
cuchillorecolect,src/shared/uti/cuchillorecolect.uti.json,,cuchillorecolector,cuchillorecolect,22,dagger,1,tool,dedicated_stack_10,4,522
hozrecolector,src/shared/uti/hozrecolector.uti.json,,hozrecolector,hozrecolector,60,sickle,1,tool,dedicated_stack_10,4,529
mazodeminero,src/shared/uti/mazodeminero.uti.json,,mazodeminero,mazodeminero,28,club,1,tool,dedicated_stack_10,1,524
picodegemas,src/shared/uti/picodegemas.uti.json,,picodegemas,picodegemas,302,lightpick,1,tool,dedicated_stack_10,1,535
picodeminero,src/shared/uti/picodeminero.uti.json,,picodeminero,picodeminero,301,heavypick,1,tool,dedicated_stack_10,1,534
sute_her_abj_a,src/cnr/uti/sute_her_abj_a.uti.json,CNR - Alquimia,sute_her_abj_a,sute_her_abj_a,49,potions,10,material_or_consumable,retain_stack_10,0,49
sute_her_abj_b,src/cnr/uti/sute_her_abj_b.uti.json,CNR - Alquimia,sute_her_abj_b,sute_her_abj_b,49,potions,10,material_or_consumable,retain_stack_10,0,49
sute_her_abj_m,src/cnr/uti/sute_her_abj_m.uti.json,CNR - Alquimia,sute_her_abj_m,sute_her_abj_m,49,potions,10,material_or_consumable,retain_stack_10,0,49
sute_her_adi_a,src/cnr/uti/sute_her_adi_a.uti.json,CNR - Alquimia,sute_her_adi_a,sute_her_adi_a,49,potions,10,material_or_consumable,retain_stack_10,0,49
sute_her_adi_b,src/cnr/uti/sute_her_adi_b.uti.json,CNR - Alquimia,sute_her_adi_b,sute_her_adi_b,49,potions,10,material_or_consumable,retain_stack_10,0,49
sute_her_adi_m,src/cnr/uti/sute_her_adi_m.uti.json,,sute_her_adi_m,sute_her_adi_m,49,potions,10,material_or_consumable,retain_stack_10,0,49
sute_her_con_a,src/cnr/uti/sute_her_con_a.uti.json,CNR - Alquimia,sute_her_con_a,sute_her_con_a,49,potions,10,material_or_consumable,retain_stack_10,0,49
sute_her_con_b,src/cnr/uti/sute_her_con_b.uti.json,CNR - Alquimia,sute_her_con_b,sute_her_con_b,49,potions,10,material_or_consumable,retain_stack_10,0,49
sute_her_con_m,src/cnr/uti/sute_her_con_m.uti.json,CNR - Alquimia,sute_her_con_m,sute_her_con_m,49,potions,10,material_or_consumable,retain_stack_10,0,49
sute_her_de1,src/cnr/uti/sute_her_de1.uti.json,,sute_her_DE1,sute_her_de1,311,miscsmall2,1,material_or_consumable,dedicated_stack_10,0,537
sute_her_de2,src/cnr/uti/sute_her_de2.uti.json,,sute_her_DE2,sute_her_de2,311,miscsmall2,1,material_or_consumable,dedicated_stack_10,0,537
sute_her_dh1,src/cnr/uti/sute_her_dh1.uti.json,,sute_her_DH1,sute_her_dh1,311,miscsmall2,1,material_or_consumable,dedicated_stack_10,0,537
sute_her_dm1,src/cnr/uti/sute_her_dm1.uti.json,CNR - Alquimia,sute_her_DM1,sute_her_dm1,311,miscsmall2,1,material_or_consumable,dedicated_stack_10,1,537
sute_her_enc_a,src/cnr/uti/sute_her_enc_a.uti.json,CNR - Alquimia,sute_her_enc_a,sute_her_enc_a,49,potions,10,material_or_consumable,retain_stack_10,0,49
sute_her_enc_b,src/cnr/uti/sute_her_enc_b.uti.json,CNR - Alquimia,sute_her_enc_b,sute_her_enc_b,49,potions,10,material_or_consumable,retain_stack_10,0,49
sute_her_evo_a,src/cnr/uti/sute_her_evo_a.uti.json,CNR - Alquimia,sute_her_evo_a,sute_her_evo_a,49,potions,10,material_or_consumable,retain_stack_10,0,49
sute_her_evo_b,src/cnr/uti/sute_her_evo_b.uti.json,CNR - Alquimia,sute_her_evo_b,sute_her_evo_b,49,potions,10,material_or_consumable,retain_stack_10,0,49
sute_her_f_ven,src/cnr/uti/sute_her_f_ven.uti.json,,sute_her_f_ven,sute_her_f_ven,81,grenade,10,material_or_consumable,retain_stack_10,0,81
sute_her_fe1,src/cnr/uti/sute_her_fe1.uti.json,,sute_her_FE1,sute_her_fe1,311,miscsmall2,1,material_or_consumable,dedicated_stack_10,0,537
sute_her_fe2,src/cnr/uti/sute_her_fe2.uti.json,,sute_her_FE2,sute_her_fe2,311,miscsmall2,1,material_or_consumable,dedicated_stack_10,0,537
sute_her_fn1,src/cnr/uti/sute_her_fn1.uti.json,,sute_her_FN1,sute_her_fn1,311,miscsmall2,1,material_or_consumable,dedicated_stack_10,0,537
sute_her_fr1,src/cnr/uti/sute_her_fr1.uti.json,CNR - Alquimia,sute_her_FR1,sute_her_fr1,311,miscsmall2,1,material_or_consumable,dedicated_stack_10,0,537
sute_her_ilu_a,src/cnr/uti/sute_her_ilu_a.uti.json,CNR - Alquimia,sute_her_ilu_a,sute_her_ilu_a,49,potions,10,material_or_consumable,retain_stack_10,0,49
sute_her_ilu_m,src/cnr/uti/sute_her_ilu_m.uti.json,CNR - Alquimia,sute_her_ilu_m,sute_her_ilu_m,49,potions,10,material_or_consumable,retain_stack_10,0,49
sute_her_nig_a,src/cnr/uti/sute_her_nig_a.uti.json,CNR - Alquimia,sute_her_nig_a,sute_her_nig_a,49,potions,10,material_or_consumable,retain_stack_10,0,49
sute_her_nig_b,src/cnr/uti/sute_her_nig_b.uti.json,CNR - Alquimia,sute_her_nig_b,sute_her_nig_b,49,potions,10,material_or_consumable,retain_stack_10,0,49
sute_her_nig_m,src/cnr/uti/sute_her_nig_m.uti.json,CNR - Alquimia,sute_her_nig_m,sute_her_nig_m,49,potions,10,material_or_consumable,retain_stack_10,0,49
sute_her_tra_a,src/cnr/uti/sute_her_tra_a.uti.json,CNR - Alquimia,sute_her_tra_a,sute_her_tra_a,49,potions,10,material_or_consumable,retain_stack_10,0,49
sute_her_tra_b,src/cnr/uti/sute_her_tra_b.uti.json,CNR - Alquimia,sute_her_tra_b,sute_her_tra_b,49,potions,10,material_or_consumable,retain_stack_10,0,49
sute_her_tra_m,src/cnr/uti/sute_her_tra_m.uti.json,CNR - Alquimia,sute_her_tra_m,sute_her_tra_m,49,potions,10,material_or_consumable,retain_stack_10,0,49
sute_her_vendas,src/cnr/uti/sute_her_vendas.uti.json,,sute_her_vendas,sute_her_vendas,79,miscthin,1,material_or_consumable,dedicated_stack_10,0,530
